Id,entrezgene_id,Mutu_HL_Ratio,Mutu_Intensity,MutuSignif,U2932_HL_Ratio,U2932_Intensity,U2932Signif
FGA,2243,90.06,475550000,TRUE,NA,NA,NA
EIF3I,8668,42.681,2684100000,TRUE,32.419,24315000000,TRUE
EIF3H,8667,35.473,2225200000,TRUE,17.941,1022800000,TRUE
EIF3M,10480,31.108,2497900000,TRUE,56.936,3757100000,TRUE
EIF3A,8661,21.802,173660000,TRUE,25.794,33645000000,TRUE
PDCD4,27250,20.482,2281000000,TRUE,12.624,231970000,TRUE
EIF3C,8663,19.337,1519600000,TRUE,26.037,30087000000,TRUE
EIF3G,8666,18.103,1634900000,TRUE,21.612,2890400000,TRUE
EIF4G1,1981,17.84,159980000,TRUE,27.848,11588000000,TRUE
DDX3X,1654,17.052,99320000000,TRUE,27.367,1.108E+11,TRUE
TRIM27,5987,16.901,702130000,TRUE,NA,NA,NA
EIF3K,27335,15.827,1281000000,TRUE,20.571,8372700000,TRUE
EIF3E,3646,15.665,2388500000,TRUE,25.653,23690000000,TRUE
PYCR2,29920,15.443,153860000,TRUE,1.9781,117640000,FALSE
LSM12,124801,15.371,98001000,TRUE,NA,NA,NA
EIF3L,51386,15.31,4166700000,TRUE,50.055,31792000000,TRUE
EIF3B,8662,14.912,3572900000,TRUE,22.772,34294000000,TRUE
USP7,7874,14.63,718580000,TRUE,3.1238,684430000,FALSE
ATXN2L,11273,14.096,57682000,TRUE,9.2566,588420000,TRUE
KHDRBS1,10657,13.479,155080000,TRUE,2.7065,372040000,FALSE
CARMIL1,55604,13.476,193620000,TRUE,NA,NA,NA
PABPC1,26986,12.636,3566600000,TRUE,11.065,18678000000,TRUE
EIF4E,1977,12.469,163430000,TRUE,20.736,2361100000,TRUE
UPF1,5976,12.164,167080000,TRUE,4.1784,793220000,TRUE
EIF3F,8665,11.902,2934300000,TRUE,18.329,5658900000,TRUE
PRMT1,3276,11.598,573130000,TRUE,1.3807,203810000,FALSE
PYCR1,5831,11.111,64500000,TRUE,1.7492,628760000,FALSE
AGL,178,10.967,34228000,TRUE,0.66285,27543000,FALSE
XPNPEP3,63929,10.942,604380000,TRUE,NA,NA,NA
EWSR1,2130,10.935,81181000,TRUE,4.2205,200010000,TRUE
NUFIP2,57532,10.081,119870000,TRUE,11.984,64534000,TRUE
PABPC4,8761,9.4206,343160000,TRUE,15.309,2915400000,TRUE
CAPRIN1,4076,9.1048,223240000,TRUE,NA,NA,NA
LRRC74A,145497,8.6795,127350000,TRUE,3.6534,192680000,FALSE
EIF3D,8664,8.5644,418040000,TRUE,20.72,14115000000,TRUE
USP10,9100,8.4935,62544000,TRUE,6.473,112910000,TRUE
PRMT5,10419,8.0045,163190000,TRUE,0.96466,561200000,FALSE
HNRNPA3,220988,7.7961,411310000,TRUE,NA,NA,NA
MATR3,9782,7.6052,304880000,TRUE,3.8818,1872800000,FALSE
CAPZA1,829,7.5525,490320000,TRUE,1.2447,10706000000,FALSE
DDX17,10521,7.5387,789380000,TRUE,2.8745,5988200000,FALSE
NCBP1,4686,7.2664,41128000,TRUE,2.8292,95256000,FALSE
RPS3,6188,7.2266,2491300000,TRUE,1.5345,3749100000,FALSE
HNRNPD,3184,7.1475,306350000,TRUE,NA,NA,NA
DDX1,1653,7.0361,147900000,TRUE,4.1381,1483200000,TRUE
SFPQ,6421,6.9238,305570000,FALSE,0.76978,469870000,FALSE
WDR77,79084,6.8274,198430000,FALSE,0.9746,33486000,FALSE
CSDE1,7812,6.7612,108150000,FALSE,1.7282,76352000,FALSE
HNRNPU,3192,6.7101,181480000,FALSE,2.1902,425760000,FALSE
FUS,2521,6.7069,302060000,FALSE,2.0831,241370000,FALSE
CAPZB,832,6.6212,404870000,FALSE,1.25,11265000000,FALSE
USP9X,8239,6.6106,90522000,FALSE,1.8329,71061000,FALSE
CSNK2B,1460,6.4498,28826000,FALSE,5.324,386220000,TRUE
DHX15,1665,6.3165,85636000,FALSE,2.058,1250200000,FALSE
HNRNPUL1,11100,6.265,10011000,FALSE,2.7187,470120000,FALSE
HNRNPK,3190,6.2491,3164600000,FALSE,2.3899,4283500000,FALSE
ELAVL1,1994,6.2439,121360000,FALSE,2.4925,544820000,FALSE
DAP3,7818,6.1065,52763000,FALSE,NA,NA,NA
ILF2,3608,6.0631,107290000,FALSE,2.0388,472620000,FALSE
C1QBP,708,5.8984,466030000,FALSE,0.57134,273320000,FALSE
RPS14,6208,5.8832,213050000,FALSE,1.0864,1162600000,FALSE
RTCB,51493,5.8291,118840000,FALSE,3.8846,270430000,FALSE
RPS16,6217,5.8214,170040000,FALSE,1.2627,2246100000,FALSE
EIF4A1,1973,5.7948,654040000,FALSE,1.7946,775390000,FALSE
CCT2,10576,5.7674,875810000,FALSE,1.143,801620000,FALSE
CPSF1,29894,5.7455,15792000,FALSE,4.0207,251540000,TRUE
CPSF2,53981,5.7029,53436000,FALSE,5.5779,95141000,TRUE
PTBP1,5725,5.702,229520000,FALSE,2.0524,517330000,FALSE
HNRNPH1,3187,5.6998,1833700000,FALSE,0.77887,9959700,FALSE
ERP44,23071,5.6911,800710000,FALSE,10.503,474320000,TRUE
MAGOHB,55110,5.5967,47812000,FALSE,NA,NA,NA
CCT8,10694,5.5549,700240000,FALSE,1.1473,1361100000,FALSE
ARHGEF2,9181,5.3239,8098500,FALSE,17.12,6735900000,TRUE
CSNK2A1,1457,5.2523,64376000,FALSE,NA,NA,NA
AGO2,27161,5.1803,13543000,FALSE,3.7238,108000000,FALSE
CCT6A,908,5.1326,450520000,FALSE,1.1729,1563600000,FALSE
CPSF7,79869,5.1109,14035000,FALSE,1.9613,58954000,FALSE
PGAM5,192111,5.0628,35646000,FALSE,2.0751,1639500000,FALSE
EIF4A2,1974,5.0622,19116000,FALSE,NA,NA,NA
NUDT21,11051,5.0119,239530000,FALSE,1.8198,395940000,FALSE
DDX6,1656,4.9401,98594000,FALSE,NA,NA,NA
NKRF,55922,4.741,13574000,FALSE,NA,NA,NA
UBAP2L,9898,4.7367,6989100,FALSE,4.2218,61959000,TRUE
CCT4,10575,4.7349,363080000,FALSE,1.1303,1054900000,FALSE
NONO,4841,4.721,59216000,FALSE,0.72514,935230000,FALSE
LAS1L,81887,4.7035,45532000,FALSE,1.1417,31295000,FALSE
SRSF1,6426,4.6957,31823000,FALSE,1.1219,219600000,FALSE
EIF4A3,9775,4.628,168040000,FALSE,4.264,602560000,TRUE
HNRNPM,4670,4.6092,2017500000,FALSE,1.7826,2542700000,FALSE
RPS27,6232,4.5937,62826000,FALSE,1.006,799010000,FALSE
CCT7,10574,4.5916,207650000,FALSE,1.1042,963430000,FALSE
PPP2R2A,5520,4.5658,45018000,FALSE,NA,NA,NA
MRPS22,56945,4.5655,42839000,FALSE,1.4039,54153000,FALSE
SNRPD2,6633,4.5448,10660000,FALSE,1.0385,349690000,FALSE
DDX5,1655,4.5259,454120000,FALSE,3.2508,918860000,FALSE
NCL,4691,4.5252,213540000,FALSE,0.89134,654080000,FALSE
CCT5,22948,4.4117,343400000,FALSE,1.1499,1417400000,FALSE
RPLP0,6175,4.4013,1213700000,FALSE,1.5608,8007700000,FALSE
CHERP,10523,4.3849,23250000,FALSE,2.4555,184910000,FALSE
IGF2BP3,10643,4.3775,39457000,FALSE,1.6803,441290000,FALSE
CCT3,7203,4.3339,235800000,FALSE,1.086,1027700000,FALSE
SF1,7536,4.2812,16867000,FALSE,1.441,92085000,FALSE
EDC4,23644,4.2771,21079000,FALSE,1.871,69042000,FALSE
RPL12,6136,4.2769,911390000,FALSE,1.6693,4814700000,FALSE
DHX9,1660,4.2541,77745000,FALSE,1.2875,384090000,FALSE
HNRNPL,3191,4.2448,36047000,FALSE,1.6195,126560000,FALSE
YTHDF2,51441,4.2122,8186700,FALSE,2.952,22116000,FALSE
HMGB2,3148,4.2045,21791000,FALSE,0.77328,84128000,FALSE
RFC4,5984,4.1902,29777000,FALSE,NA,NA,NA
RPL11,6135,4.1251,305210000,FALSE,1.112,571030000,FALSE
BOLA2,552900,4.0618,20295000,FALSE,1.7353,292790000,FALSE
CAPZA2,830,4.0611,11872000,FALSE,1.2072,727630000,FALSE
PELP1,27043,4.0495,8103900,FALSE,NA,NA,NA
RPS7,6201,4.0092,87846000,FALSE,1.3528,230360000,FALSE
MAPK3,5595,3.9642,7224200,FALSE,NA,NA,NA
RPL38,6169,3.9554,70242000,FALSE,1.1146,705840000,FALSE
TCP1,6950,3.8491,489080000,FALSE,1.1849,1779300000,FALSE
RBMX,27316,3.8296,19039000,FALSE,NA,NA,NA
STRAP,11171,3.823,149210000,FALSE,0.95154,96459000,FALSE
MCM5,4174,3.8007,161480000,FALSE,1.2728,1348500000,FALSE
MCM3,4172,3.744,652620000,FALSE,1.4663,1159000000,FALSE
RPS4X,6191,3.7298,55060000,FALSE,1.2263,1448300000,FALSE
SF3B6,51639,3.6906,13365000,FALSE,1.1786,28646000,FALSE
IGSF9B,22997,3.673,33393000,FALSE,NA,NA,NA
PTCD3,55037,3.6727,42800000,FALSE,1.2195,291230000,FALSE
MRPS35,60488,3.6711,16846000,FALSE,NA,NA,NA
NHP2,55651,3.6502,10153000,FALSE,NA,NA,NA
PARP1,142,3.6393,55071000,FALSE,0.8998,371720000,FALSE
RBM14,10432,3.6211,584660000,FALSE,3.0517,2372100000,FALSE
HNRNPF,3185,3.6029,446490000,FALSE,1.8206,900750000,FALSE
HNRNPC,3183,3.5787,172290000,FALSE,0.72808,255350000,FALSE
RPS3A,6189,3.5703,50703000,FALSE,1.1718,779060000,FALSE
RPS13,6207,3.5401,62911000,FALSE,0.70315,235180000,FALSE
ILF3,3609,3.5282,39706000,FALSE,2.3921,799590000,FALSE
RBM4,5936,3.491,7241100,FALSE,NA,NA,NA
ACTR1A,10121,3.4856,59547000,FALSE,NA,NA,NA
EIF2S1,1965,3.4784,26920000,FALSE,0.91128,286550000,FALSE
RPSA,3921,3.4148,116920000,FALSE,0.80938,189890000,FALSE
NME1,4830,3.4036,29035000,FALSE,0.97713,47095000,FALSE
HMGB1,3146,3.3753,58408000,FALSE,0.72976,171010000,FALSE
SSB,6741,3.3626,93355000,FALSE,NA,NA,NA
RFC3,5983,3.2591,49268000,FALSE,NA,NA,NA
TRIM28,10155,3.2389,160800000,FALSE,1.3804,215700000,FALSE
SF3B1,23451,3.2337,29222000,FALSE,1.6288,76017000,FALSE
TBL2,26608,3.1997,3538600,FALSE,1.1575,11015000,FALSE
PDE6H,5149,3.1944,106130000,FALSE,1.2543,8869900000,FALSE
RFC5,5985,3.1513,66867000,FALSE,NA,NA,NA
RPIA,22934,3.1105,6440200,FALSE,1.1337,50976000,FALSE
COPE,11316,3.1018,13121000,FALSE,0.88882,263570000,FALSE
RPL22,6146,3.0985,53203000,FALSE,0.73612,203200000,FALSE
SET,6418,3.0643,136420000,FALSE,1.1666,46897000,FALSE
RPS19,6223,3.0611,172890000,FALSE,1.1572,518910000,FALSE
TKT,7086,3.0442,169090000,FALSE,1.4481,135030000,FALSE
CDC23,8697,3.0417,8826000,FALSE,2.7171,26759000,FALSE
ANKRD44,91526,3.0145,12744000,FALSE,NA,NA,NA
RPS12,6206,2.9826,93859000,FALSE,1.1307,607840000,FALSE
PPP2R1A,5518,2.9801,143440000,FALSE,1.1646,334150000,FALSE
DOCK2,1794,2.9089,21581000,FALSE,0.88623,1435000000,FALSE
G3BP1,10146,2.8472,6999500,FALSE,2.0425,170120000,FALSE
CPSF3,51692,2.8456,10577000,FALSE,3.2879,314550000,FALSE
PPP2CA,5515,2.8403,22730000,FALSE,NA,NA,NA
MRPL13,28998,2.8051,7251100,FALSE,NA,NA,NA
H3F3B,3021,2.802,382980000,FALSE,NA,NA,NA
MYL12A,10627,2.7736,41641000,FALSE,1.1787,2039200000,FALSE
PLCG2,5336,2.7481,365370000,FALSE,1.1903,986890000,FALSE
MCM6,4175,2.7172,3736000,FALSE,0.74309,178960000,FALSE
GPI,2821,2.6936,185580000,FALSE,NA,NA,NA
VPS16,64601,2.6902,7612500,FALSE,NA,NA,NA
ATAD3A,55210,2.6886,93527000,FALSE,1.0911,3954500000,FALSE
HNRNPA1,3178,2.6623,69083000,FALSE,0.6861,391140000,FALSE
DYNLL1,8655,2.6553,36099000,FALSE,1.3374,1035800000,FALSE
BUB3,9184,2.6489,56891000,FALSE,NA,NA,NA
PRPF19,27339,2.6304,225820000,FALSE,0.87067,29315000,FALSE
GMPS,8833,2.6261,14470000,FALSE,1.2941,361110000,FALSE
TAX1BP1,8887,2.598,26408000,FALSE,NA,NA,NA
RPS5,6193,2.5922,122780000,FALSE,1.1485,532900000,FALSE
XRCC5,7520,2.5711,62422000,FALSE,0.72128,672330000,FALSE
SND1,27044,2.5641,17283000,FALSE,1.085,581810000,FALSE
KPNA3,3839,2.5361,7573300,FALSE,NA,NA,NA
NPM1,4869,2.4883,1238700000,FALSE,0.84782,757270000,FALSE
EPRS,2058,2.4549,87454000,FALSE,0.75759,1654700000,FALSE
COPB2,9276,2.4169,14677000,FALSE,0.86215,238730000,FALSE
ISG20,3669,2.4146,29129000,FALSE,1.1263,85116000,FALSE
RCC2,55920,2.4101,84788000,FALSE,1.4469,1270500000,FALSE
SMC2,10592,2.4034,22347000,FALSE,0.99916,97453000,FALSE
DPM1,8813,2.3983,9841100,FALSE,1.1459,81595000,FALSE
LARP4,113251,2.3963,10273000,FALSE,NA,NA,NA
XRCC6,2547,2.3938,71513000,FALSE,0.69255,698870000,FALSE
MYH10,4628,2.3003,10791000,FALSE,1.1521,1.0276E+11,FALSE
RAE1,8480,2.2651,9338200,FALSE,NA,NA,NA
RPS10,6204,2.262,58045000,FALSE,0.90799,70866000,FALSE
HNRNPA2B1,3181,2.2597,148830000,FALSE,0.59855,314260000,FALSE
RFC2,5982,2.2593,58815000,FALSE,NA,NA,NA
PPP1CC,5501,2.2562,4259900,FALSE,1.0994,352530000,FALSE
AIMP2,7965,2.1984,26691000,FALSE,0.7564,102000000,FALSE
SEC23B,10483,2.1691,6437500,FALSE,1.5384,199630000,FALSE
NAP1L1,4673,2.1551,26895000,FALSE,0.75438,28531000,FALSE
LTF,4057,2.1306,62926000,FALSE,NA,NA,NA
FARSA,2193,2.1109,17523000,FALSE,0.8711,74591000,FALSE
DDX20,11218,2.1078,85325000,FALSE,0.92225,24764000,FALSE
EEF2,1938,2.1049,889900000,FALSE,1.0978,7897500000,FALSE
TRIM21,6737,2.1041,53311000,FALSE,7.5676,6085800000,TRUE
PRPS1,5631,2.0875,25095000,FALSE,0.82252,561040000,FALSE
ATP5MF-PTCD1,100526740,2.0426,25573000,FALSE,NA,NA,NA
RAN,5901,2.0381,22490000,FALSE,0.94678,1396000000,FALSE
CNBP,7555,2.0136,18976000,FALSE,1.2572,57575000,FALSE
EZR,7430,1.9989,154500000,FALSE,0.60671,1771500000,FALSE
IPO5,3843,1.9889,51750000,FALSE,0.89089,257140000,FALSE
RACK1,10399,1.9515,157510000,FALSE,1.1966,1019600000,FALSE
HSPD1,3329,1.9487,411650000,FALSE,0.92797,1932000000,FALSE
KHSRP,8570,1.9381,18463000,FALSE,1.6855,194640000,FALSE
MYO6,4646,1.8929,38266000,FALSE,1.9815,3154000000,FALSE
SYNCRIP,10492,1.8854,24555000,FALSE,2.025,46537000,FALSE
YWHAQ,10971,1.8728,305970000,FALSE,1.0481,968350000,FALSE
PRPF8,10594,1.8651,7077400,FALSE,1.0115,62106000,FALSE
MARS,4141,1.86,126620000,FALSE,0.81978,659090000,FALSE
HCLS1,3059,1.8266,9604100,FALSE,0.94355,3316500000,FALSE
PPP6R1,22870,1.8143,10924000,FALSE,1.1862,158290000,FALSE
EIF5A,1984,1.8113,67962000,FALSE,1.0853,933640000,FALSE
MYH9,4627,1.7965,2334200000,FALSE,1.4098,1.9296E+11,FALSE
SNRNP200,23020,1.7952,62552000,FALSE,0.95564,202020000,FALSE
QARS,5859,1.7948,17262000,FALSE,0.87539,1142000000,FALSE
MRPL37,51253,1.7943,6661400,FALSE,NA,NA,NA
DARS,1615,1.7913,472570000,FALSE,0.86294,465180000,FALSE
ATP5PO,539,1.7848,32140000,FALSE,1.0095,91848000,FALSE
PSMA7,5688,1.7827,42095000,FALSE,0.67898,538050000,FALSE
SF3B3,23450,1.7796,34985000,FALSE,1.2463,160900000,FALSE
CACYBP,27101,1.7785,33878000,FALSE,0.98458,211980000,FALSE
PSMD2,5708,1.7573,11772000,FALSE,0.86243,490170000,FALSE
AIMP1,9255,1.7552,84832000,FALSE,0.6291,67232000,FALSE
SMN1,6606,1.7387,8438000,FALSE,0.75307,236030000,FALSE
PAICS,10606,1.7332,126930000,FALSE,0.88727,1617600000,FALSE
IARS,3376,1.7265,296850000,FALSE,NA,NA,NA
COPB1,1315,1.7069,12656000,FALSE,0.99577,429130000,FALSE
MGST3,4259,1.705,6458000,FALSE,NA,NA,NA
PCBP2,5094,1.6884,206120000,FALSE,1.1894,113550000,FALSE
MCM7,4176,1.6821,136330000,FALSE,1.1135,605330000,FALSE
HDAC1,3065,1.6756,14254000,FALSE,NA,NA,NA
PRDX1,5052,1.6605,232080000,FALSE,0.98985,14051000000,FALSE
IMPDH2,3615,1.6569,299330000,FALSE,0.73073,56651000,FALSE
PCBP1,5093,1.6551,371400000,FALSE,1.1155,265770000,FALSE
EEF1D,1936,1.6518,63191000,FALSE,0.62191,694040000,FALSE
TUFM,7284,1.6418,343000000,FALSE,1.1333,3257000000,FALSE
CAD,790,1.639,1581400000,FALSE,2.1144,9957900000,FALSE
GEMIN4,50628,1.6372,88566000,FALSE,0.8335,130650000,FALSE
ATP5MG,10632,1.614,13296000,FALSE,1.1839,82579000,FALSE
CROCC,9696,1.613,170020000,FALSE,NA,NA,NA
DDB1,1642,1.6093,23260000,FALSE,0.98291,278620000,FALSE
DUT,1854,1.5971,12524000,FALSE,NA,NA,NA
ACTR2,10097,1.5939,7636800,FALSE,1.2257,1763800000,FALSE
EEF1E1,9521,1.5862,89657000,FALSE,0.81163,233980000,FALSE
AHCY,191,1.5651,80651000,FALSE,1.0793,945620000,FALSE
PUF60,22827,1.5514,194980000,FALSE,1.3122,187300000,FALSE
EEF1G,1937,1.5467,55548000,FALSE,0.65128,2357000000,FALSE
MAD2L1,4085,1.5242,28085000,FALSE,NA,NA,NA
DNAJA1,3301,1.521,77247000,FALSE,0.98658,174120000,FALSE
RBBP7,5931,1.4878,27737000,FALSE,NA,NA,NA
COPG1,22820,1.4828,14498000,FALSE,0.88988,343420000,FALSE
RAC2,5880,1.478,29731000,FALSE,0.88333,4180700000,FALSE
GTF2I,2969,1.4766,25930000,FALSE,0.98948,1547700000,FALSE
TMPO,7112,1.4704,336870000,FALSE,0.69154,435050000,FALSE
HSP90AA1,3320,1.4632,5795700,FALSE,0.8146,2791300000,FALSE
UQCRC2,7385,1.457,54598000,FALSE,0.96133,131380000,FALSE
YWHAG,7532,1.4548,127830000,FALSE,0.6883,699350000,FALSE
PKM,5315,1.4262,231030000,FALSE,0.98129,8402700000,FALSE
GAPDH,2597,1.4118,594250000,FALSE,0.75946,1220600000,FALSE
SLC25A12,8604,1.3977,31750000,FALSE,1.3793,129560000,FALSE
CYC1,1537,1.3941,10058000,FALSE,NA,NA,NA
PHB2,11331,1.3936,168310000,FALSE,1.0607,531520000,FALSE
LDHA,3939,1.389,33673000,FALSE,0.94994,958200000,FALSE
RARS,5917,1.3796,88256000,FALSE,0.77176,767610000,FALSE
VDAC1,7416,1.3711,9218200,FALSE,0.7606,234750000,FALSE
TUBGCP2,10844,1.3707,11073000,FALSE,1.0494,62974000,FALSE
DSTN,11034,1.3686,25314000,FALSE,0.96197,347800000,FALSE
RUVBL2,10856,1.3628,178700000,FALSE,0.77003,956720000,FALSE
PRKDC,5591,1.3547,71368000,FALSE,0.96741,3573700000,FALSE
PHB,5245,1.3406,227630000,FALSE,NA,NA,NA
ATP5F1A,498,1.332,325760000,FALSE,1.0266,794620000,FALSE
GARS,2617,1.3245,27616000,FALSE,1.1231,713430000,FALSE
SNX27,81609,1.3202,8239800,FALSE,1.136,48949000,FALSE
PPP1R12A,4659,1.3189,13053000,FALSE,0.86501,25869000000,FALSE
ITCH,83737,1.3123,19961000,FALSE,NA,NA,NA
EEF1A1,1915,1.3064,4409600000,FALSE,0.90608,28272000000,FALSE
TUBB3,10381,1.2955,102040000,FALSE,NA,NA,NA
MTHFD2,10797,1.2833,94629000,FALSE,1.0356,80269000,FALSE
DPYSL2,1808,1.2769,25447000,FALSE,0.98189,319060000,FALSE
YWHAZ,7534,1.2766,139390000,FALSE,0.79961,1047600000,FALSE
YWHAB,7529,1.2665,70280000,FALSE,0.76401,192770000,FALSE
RUVBL1,8607,1.2619,111760000,FALSE,0.77944,1002600000,FALSE
KPNB1,3837,1.252,50674000,FALSE,0.99653,808000000,FALSE
PTRH2,51651,1.2507,18054000,FALSE,NA,NA,NA
SEC61A1,29927,1.2436,64680000,FALSE,1.1024,287160000,FALSE
ATP2A2,488,1.2197,50127000,FALSE,NA,NA,NA
FASN,2194,1.2167,185000000,FALSE,0.89327,1054700000,FALSE
ARF5,381,1.2127,52457000,FALSE,1.0182,807080000,FALSE
SLC16A1,6566,1.1919,53518000,FALSE,NA,NA,NA
IPO7,10527,1.1846,19916000,FALSE,0.91786,281050000,FALSE
CFL1,1072,1.179,449580000,FALSE,0.89787,5188500000,FALSE
ARF4,378,1.1684,10872000,FALSE,1.0111,864300000,FALSE
NEDD4L,23327,1.1641,5146800,FALSE,NA,NA,NA
ARPC4,10093,1.1625,27634000,FALSE,NA,NA,NA
RAB6B,51560,1.1552,31529000,FALSE,NA,NA,NA
GOT2,2806,1.145,85270000,FALSE,NA,NA,NA
DNAJC11,55735,1.1446,6352100,FALSE,0.93829,13261000,FALSE
HSPH1,10808,1.1413,3724700000,FALSE,1.2373,145940000,FALSE
BAG2,9532,1.1308,63261000,FALSE,1.0153,2223900000,FALSE
TUBB,203068,1.121,5813900000,FALSE,0.90991,4099900000,FALSE
SSR1,6745,1.1122,44775000,FALSE,NA,NA,NA
ALDOA,226,1.1107,19805000,FALSE,NA,NA,NA
GNAS,2778,1.1044,21172000,FALSE,0.8104,1630400000,FALSE
GNAI3,2773,1.1004,15095000,FALSE,0.75963,268360000,FALSE
CD38,952,1.0998,12126000,FALSE,NA,NA,NA
CNOT1,23019,1.0944,21312000,FALSE,1.4115,47823000,FALSE
EMD,2010,1.0938,34236000,FALSE,0.75625,940360000,FALSE
VDAC2,7417,1.0893,142860000,FALSE,0.88063,217220000,FALSE
PCNA,5111,1.0862,199880000,FALSE,0.97542,890590000,FALSE
DDOST,1650,1.0814,85064000,FALSE,NA,NA,NA
OS9,10956,1.0747,16387000,FALSE,NA,NA,NA
HSPA9,3313,1.0738,495150000,FALSE,1.4272,1046700000,FALSE
HSPA5,3309,1.0738,11690000000,FALSE,1.2575,1602800000,FALSE
DCTPP1,79077,1.0697,38367000,FALSE,1.2632,78626000,FALSE
WWP2,11060,1.0638,93843000,FALSE,NA,NA,NA
HACD3,51495,1.0571,427850000,FALSE,1.0286,31692000,FALSE
TUBA1A,7846,1.0526,143300000,FALSE,NA,NA,NA
CNP,1267,1.0436,9813600,FALSE,0.9971,828860000,FALSE
FABP5,2171,1.0424,80823000,FALSE,0.73699,147990000,FALSE
MDH2,4191,1.0418,14525000,FALSE,1.1662,364470000,FALSE
IGHM,3507,1.0361,2.5008E+11,FALSE,0.75516,980590000,FALSE
XPOT,11260,1.0358,7140300,FALSE,NA,NA,NA
HSP90AB1,3326,1.031,969890000,FALSE,0.87221,9538300000,FALSE
POTEE,445582,1.0302,119710000,FALSE,0.93629,34711000000,FALSE
CLTC,1213,1.026,453700000,FALSE,0.75803,9758400000,FALSE
RANBP1,5902,1.0198,40012000,FALSE,NA,NA,NA
CD79A,973,1.0151,299080000,FALSE,NA,NA,NA
DBN1,1627,1.0112,83754000,FALSE,0.81052,19070000000,FALSE
MT-CO2,4513,1.0109,33255000,FALSE,0.97277,244870000,FALSE
TUBA4A,7277,1.0058,275290000,FALSE,NA,NA,NA
ENO1,2023,1.0027,106780000,FALSE,0.77751,399620000,FALSE
SEL1L,6400,1.0013,134450000,FALSE,NA,NA,NA
TUBB4B,10383,0.99639,506200000,FALSE,1.1101,730280000,FALSE
NPEPPS,9520,0.99626,3690200,FALSE,0.97485,29172000,FALSE
HLA-DRB1,3123,0.99469,104840000,FALSE,0.93902,69387000,FALSE
VPREB3,29802,0.99427,453200000,FALSE,NA,NA,NA
IGK,50802,0.98756,35100000000,FALSE,NA,NA,NA
GNB1,2782,0.97906,41118000,FALSE,0.70752,2568100000,FALSE
ATP1A1,476,0.9789,306150000,FALSE,0.87227,781160000,FALSE
PGK1,5230,0.97734,19281000,FALSE,0.91391,425870000,FALSE
RPN2,6185,0.97575,47993000,FALSE,NA,NA,NA
RAB10,10890,0.97059,34519000,FALSE,0.95259,2023400000,FALSE
KARS,3735,0.96934,17267000,FALSE,0.7364,898430000,FALSE
TBL1XR1,79718,0.96476,22965000,FALSE,0.93504,24142000,FALSE
CSE1L,1434,0.9633,169390000,FALSE,0.84999,307260000,FALSE
GNAI2,2771,0.96172,189970000,FALSE,0.75248,6638100000,FALSE
CAND1,55832,0.96037,29905000,FALSE,0.84911,276410000,FALSE
TUBA1B,10376,0.95496,11198000000,FALSE,NA,NA,NA
PHGDH,26227,0.95298,60812000,FALSE,1.0007,987960000,FALSE
RPN1,6184,0.95039,196030000,FALSE,0.89685,37017000,FALSE
TNPO1,3842,0.95011,19859000,FALSE,1.1434,66866000,FALSE
LAPTM5,7805,0.94327,465950000,FALSE,NA,NA,NA
HSPA8,3312,0.94227,2272400000,FALSE,0.90422,9227500000,FALSE
HLA-DPA1,3113,0.94135,10849000,FALSE,NA,NA,NA
HLA-DRA,3122,0.93983,106830000,FALSE,0.80258,401290000,FALSE
ACTG1,71,0.93658,39710000000,FALSE,1.0208,6.5131E+11,FALSE
FAR1,84188,0.9314,114790000,FALSE,NA,NA,NA
CAMTA2,23125,0.92406,133410000,FALSE,NA,NA,NA
SCAMP3,10067,0.92135,9530600,FALSE,0.88903,26942000,FALSE
EEF1B2,1933,0.91762,37261000,FALSE,0.7027,704340000,FALSE
AKAP11,11215,0.91761,23627000,FALSE,NA,NA,NA
SLC20A1,6574,0.91653,15364000,FALSE,NA,NA,NA
CXCR4,7852,0.91242,35896000,FALSE,NA,NA,NA
HYOU1,10525,0.91114,14720000,FALSE,0.78754,111180000,FALSE
JCHAIN,3512,0.89991,384530000,FALSE,NA,NA,NA
XPO1,7514,0.89975,38916000,FALSE,0.82072,98455000,FALSE
JAK1,3716,0.89438,179520000,FALSE,1.2189,112080000,FALSE
DNAJB11,51726,0.89158,13725000,FALSE,NA,NA,NA
AIFM1,9131,0.89104,6865800,FALSE,0.50791,61831000,FALSE
RNF144B,255488,0.88837,425870000,FALSE,NA,NA,NA
SPTAN1,6709,0.88648,18388000,FALSE,0.98389,3.4845E+11,FALSE
CD22,933,0.87427,36538000,FALSE,1.0778,232240000,FALSE
ATP5F1B,506,0.87388,289320000,FALSE,0.7428,459150000,FALSE
DHCR7,1717,0.87356,115930000,FALSE,NA,NA,NA
PCMT1,5110,0.87258,490430000,FALSE,0.4605,559700000,FALSE
CD79B,974,0.87098,604330000,FALSE,NA,NA,NA
TFRC,7037,0.87058,1314100000,FALSE,1.1903,488760000,FALSE
KLHL6,89857,0.85219,286550000,FALSE,1.0716,66484000,FALSE
HLA-B,3106,0.83508,82528000,FALSE,NA,NA,NA
KDELR1,10945,0.83407,17361000,FALSE,NA,NA,NA
SNX3,8724,0.826,19501000,FALSE,NA,NA,NA
ARL1,400,0.82056,17221000,FALSE,1.102,147490000,FALSE
BHLHE40,8553,0.8099,94204000,FALSE,0.88489,335090000,FALSE
SLC3A2,6520,0.8076,112530000,FALSE,0.82444,299220000,FALSE
CASC4,113201,0.80452,2237900000,FALSE,NA,NA,NA
FCRLA,84824,0.8018,6083900000,FALSE,NA,NA,NA
SLC25A5,292,0.80034,1156200000,FALSE,1.1595,9719500000,FALSE
TMEM59,9528,0.78822,26155000,FALSE,NA,NA,NA
CALR,811,0.78169,28823000,FALSE,NA,NA,NA
TXN,7295,0.77555,52106000,FALSE,NA,NA,NA
B2M,567,0.77249,47021000,FALSE,1.0025,49666000,FALSE
UTS2,10911,0.76731,897680000,FALSE,0.73802,399660000,FALSE
P4HB,5034,0.75196,18052000,FALSE,0.66586,23927000,FALSE
SUSD6,9766,0.74967,24306000,FALSE,NA,NA,NA
SLC39A14,23516,0.74501,23482000,FALSE,NA,NA,NA
MYH14,79784,0.74225,40570000,FALSE,1.8215,59514000,FALSE
GGT1,2678,0.72283,621100000,FALSE,NA,NA,NA
FLOT1,10211,0.72,363990000,FALSE,0.79945,884060000,FALSE
CHCHD3,54927,0.71891,104690000,FALSE,0.81375,31992000,FALSE
IL4R,3566,0.71527,160740000,FALSE,NA,NA,NA
PTPRC,5788,0.71448,5423200,FALSE,0.83863,454920000,FALSE
HSD17B12,51144,0.71117,9576000,FALSE,1.0226,259730000,FALSE
SLC1A5,6510,0.71053,17107000,FALSE,0.82936,144950000,FALSE
PDIA3,2923,0.70962,10663000,FALSE,0.65379,175850000,FALSE
HLA-A,3105,0.70095,122790000,FALSE,NA,NA,NA
CLINT1,9685,0.67726,6166600,FALSE,0.89139,666960000,FALSE
SPTLC1,10558,0.67142,31386000,FALSE,NA,NA,NA
LMNB1,4001,0.6486,15890000,FALSE,0.52868,1480100000,FALSE
IMMT,10989,0.64718,291070000,FALSE,0.8822,387630000,FALSE
GCN1,10985,0.63447,19710000,FALSE,0.83279,556760000,FALSE
FLOT2,2319,0.63216,428670000,FALSE,0.76377,509000000,FALSE
SAFB2,9667,0.6244,258670000,FALSE,1.2197,58013000,FALSE
PDHA1,5160,0.61831,8435800,FALSE,NA,NA,NA
SLC25A3,5250,0.61797,221520000,FALSE,1.1069,283030000,FALSE
MTHFD1L,25902,0.61423,8298300,FALSE,0.43134,61134000,FALSE
HLA-C,3107,0.60508,117210000,FALSE,NA,NA,NA
KRT2,3849,0.59318,23467000000,FALSE,NA,NA,NA
DLST,1743,0.56008,17805000,FALSE,NA,NA,NA
CANX,821,0.55937,104280000,FALSE,0.81459,319830000,FALSE
SLC25A6,293,0.55474,54923000,FALSE,NA,NA,NA
RNH1,6050,0.52983,366750000,FALSE,0.48423,164980000,FALSE
UBB,7314,0.48187,1062600000,FALSE,1.1053,5160100000,FALSE
MS4A1,931,0.45986,34007000,FALSE,0.86877,951150000,FALSE
PPIA,5478,0.44184,467380000,FALSE,0.97379,3654100000,FALSE
CSTB,1476,0.38686,15806000,FALSE,1.177,519340000,FALSE
RPL26,6154,0.3255,4883000,FALSE,1.0426,53145000,FALSE
TF,7018,0.31864,19634000,FALSE,NA,NA,NA
ATP5F1C,509,0.30736,104350000,FALSE,1.2524,430170000,FALSE
LCN1,3933,0.27873,45655000,FALSE,NA,NA,NA
SLC25A11,8402,0.27024,15538000,FALSE,1.1741,87528000,FALSE
SSBP1,6742,0.24897,185310000,FALSE,1.032,259910000,FALSE
HIST1H1B,3009,0.24872,19404000,FALSE,NA,NA,NA
MSN,4478,0.24584,59613000,FALSE,0.41859,314590000,FALSE
GRN,2896,NA,NA,NA,37.66,17591000,TRUE
PRRC2B,84726,NA,NA,NA,35.468,996680000,TRUE
SLAIN1,122060,NA,NA,NA,29.85,115990000,TRUE
MAP3K4,4216,NA,NA,NA,29.059,159010000,TRUE
KCTD15,79047,NA,NA,NA,25.888,89001000,TRUE
PPP1R10,5514,NA,NA,NA,24.802,228690000,TRUE
TOX4,9878,NA,NA,NA,21.772,175810000,TRUE
CASC3,22794,NA,NA,NA,14.305,280400000,TRUE
WDR82,80335,NA,NA,NA,14.127,717670000,TRUE
HSD17B4,3295,NA,NA,NA,11.699,2326900000,TRUE
NBN,4683,NA,NA,NA,11.603,364670000,TRUE
NEK9,91754,NA,NA,NA,11.213,2632800000,TRUE
RAD50,10111,NA,NA,NA,10.11,2869600000,TRUE
MRE11,4361,NA,NA,NA,9.309,719790000,TRUE
EIF4G3,8672,NA,NA,NA,7.6938,430330000,TRUE
ATXN2,6311,NA,NA,NA,7.3136,60473000,TRUE
FAM98A,25940,NA,NA,NA,6.8107,269610000,TRUE
TDRD3,81550,NA,NA,NA,6.5139,14823000,TRUE
EIF3J,8669,NA,NA,NA,6.3828,312880000,TRUE
WDR33,55339,NA,NA,NA,6.3733,76485000,TRUE
PRRC2C,23215,NA,NA,NA,6.3137,704040000,TRUE
G3BP2,9908,NA,NA,NA,5.9535,351670000,TRUE
FAM120A,23196,NA,NA,NA,5.9303,17298000,TRUE
MOV10,4343,NA,NA,NA,5.8258,53370000,TRUE
LARP4B,23185,NA,NA,NA,5.1999,84444000,TRUE
UPF2,26019,NA,NA,NA,4.5713,126250000,TRUE
ZNF598,90850,NA,NA,NA,4.5574,170300000,TRUE
DHX36,170506,NA,NA,NA,4.5572,101350000,TRUE
EIF4B,1975,NA,NA,NA,4.2333,480350000,TRUE
SUGP2,10147,NA,NA,NA,4.1271,47166000,TRUE
FMR1,2332,NA,NA,NA,4.096,17263000,TRUE
MAGOH,4116,NA,NA,NA,4.0462,244410000,TRUE
LARP1,23367,NA,NA,NA,3.8607,40953000,FALSE
DYRK1A,1859,NA,NA,NA,3.8504,85855000,FALSE
RBM8A,9939,NA,NA,NA,3.8204,469260000,FALSE
ELP3,55140,NA,NA,NA,3.7572,286640000,FALSE
CPEB4,80315,NA,NA,NA,3.7076,25997000,FALSE
CDC73,79577,NA,NA,NA,3.6577,35807000,FALSE
ELP2,55250,NA,NA,NA,3.6023,217930000,FALSE
FIP1L1,81608,NA,NA,NA,3.5211,108320000,FALSE
TRAF1,7185,NA,NA,NA,3.4711,67785000,FALSE
ABCE1,6059,NA,NA,NA,3.4241,528900000,FALSE
EIF4G2,1982,NA,NA,NA,3.323,120350000,FALSE
TUBB6,84617,NA,NA,NA,3.308,114560000,FALSE
ANAPC5,51433,NA,NA,NA,3.0937,21571000,FALSE
U2SURP,23350,NA,NA,NA,3.0771,46438000,FALSE
FXR1,8087,NA,NA,NA,3.0214,1054400000,FALSE
DLAT,1737,NA,NA,NA,2.9977,1935600000,FALSE
HERC2,8924,NA,NA,NA,2.9789,2046900000,FALSE
RBM15,64783,NA,NA,NA,2.8801,43519000,FALSE
FUBP3,8939,NA,NA,NA,2.8422,63796000,FALSE
FXR2,9513,NA,NA,NA,2.8388,55383000,FALSE
TFG,10342,NA,NA,NA,2.7638,65113000,FALSE
RIOX1,79697,NA,NA,NA,2.572,84265000,FALSE
RBM38,55544,NA,NA,NA,2.5415,24953000,FALSE
MYO1E,4643,NA,NA,NA,2.4939,2544000000,FALSE
ANAPC7,51434,NA,NA,NA,2.4884,5175600,FALSE
PRRC2A,7916,NA,NA,NA,2.4525,109100000,FALSE
SMARCC1,6599,NA,NA,NA,2.3883,48030000,FALSE
GSPT1,2935,NA,NA,NA,2.3696,345790000,FALSE
DDX24,57062,NA,NA,NA,2.3561,58625000,FALSE
NEURL4,84461,NA,NA,NA,2.3197,88214000,FALSE
DIDO1,11083,NA,NA,NA,2.2604,10936000,FALSE
NAGK,55577,NA,NA,NA,2.2316,250600000,FALSE
FAM91A1,157769,NA,NA,NA,2.1777,27968000,FALSE
FNBP4,23360,NA,NA,NA,2.1559,25053000,FALSE
HNRNPR,10236,NA,NA,NA,2.1474,105970000,FALSE
MTREX,23517,NA,NA,NA,2.1116,59505000,FALSE
EXOSC10,5394,NA,NA,NA,2.0763,32469000,FALSE
UBR5,51366,NA,NA,NA,2.0707,115290000,FALSE
SYTL1,84958,NA,NA,NA,2.0366,8112300,FALSE
CCAR1,55749,NA,NA,NA,1.9954,47397000,FALSE
HNRNPLL,92906,NA,NA,NA,1.9953,31033000,FALSE
U2AF1,7307,NA,NA,NA,1.9931,186840000,FALSE
YTHDC2,64848,NA,NA,NA,1.9692,241190000,FALSE
RRP1B,23076,NA,NA,NA,1.9304,56627000,FALSE
RPP30,10556,NA,NA,NA,1.9115,32750000,FALSE
RBM25,58517,NA,NA,NA,1.8774,198710000,FALSE
IK,3550,NA,NA,NA,1.869,37340000,FALSE
EML2,24139,NA,NA,NA,1.8634,14932000,FALSE
SRSF3,6428,NA,NA,NA,1.8356,243440000,FALSE
GTF3C5,9328,NA,NA,NA,1.795,26496000,FALSE
MAP4K1,11184,NA,NA,NA,1.7881,20877000,FALSE
PFKL,5211,NA,NA,NA,1.7678,20363000,FALSE
ECH1,1891,NA,NA,NA,1.7557,53971000,FALSE
EIF6,3692,NA,NA,NA,1.7264,134860000,FALSE
MYO1B,4430,NA,NA,NA,1.7213,29792000,FALSE
LRCH2,57631,NA,NA,NA,1.7149,225610000,FALSE
PRKCD,5580,NA,NA,NA,1.7092,66245000,FALSE
LSG1,55341,NA,NA,NA,1.7047,92231000,FALSE
NUDT16L1,84309,NA,NA,NA,1.6924,13606000,FALSE
XRN2,22803,NA,NA,NA,1.6869,37119000,FALSE
VAV1,7409,NA,NA,NA,1.6864,347830000,FALSE
RPLP2,6181,NA,NA,NA,1.6851,44758000,FALSE
TOM1,10043,NA,NA,NA,1.6809,146710000,FALSE
FCHO1,23149,NA,NA,NA,1.6761,46815000,FALSE
ANKRD28,23243,NA,NA,NA,1.6752,61190000,FALSE
MYBBP1A,10514,NA,NA,NA,1.6747,22627000,FALSE
RPL8,6132,NA,NA,NA,1.6737,1877200000,FALSE
MARK3,4140,NA,NA,NA,1.6715,52944000,FALSE
FUBP1,8880,NA,NA,NA,1.6677,23333000,FALSE
LRCH3,84859,NA,NA,NA,1.6376,17135000000,FALSE
HNRNPA0,10949,NA,NA,NA,1.6322,38722000,FALSE
CPSF6,11052,NA,NA,NA,1.6299,172370000,FALSE
MMS19,64210,NA,NA,NA,1.6132,37646000,FALSE
UBXN7,26043,NA,NA,NA,1.6116,6704600,FALSE
CSTF1,1477,NA,NA,NA,1.6089,34111000,FALSE
RAMAC,83640,NA,NA,NA,1.6048,7570000,FALSE
XRN1,54464,NA,NA,NA,1.6032,48258000,FALSE
ZC3HAV1,56829,NA,NA,NA,1.6004,249660000,FALSE
DNMT1,1786,NA,NA,NA,1.5889,47735000,FALSE
EXOSC4,54512,NA,NA,NA,1.5718,55826000,FALSE
RPL15,6138,NA,NA,NA,1.5632,139360000,FALSE
IQSEC1,9922,NA,NA,NA,1.55,102730000,FALSE
CNOT3,4849,NA,NA,NA,1.5492,20140000,FALSE
GNB4,59345,NA,NA,NA,1.543,192540000,FALSE
SMARCD2,6603,NA,NA,NA,1.5429,13014000,FALSE
CDKN2AIP,55602,NA,NA,NA,1.535,8506800,FALSE
CSTF2,1478,NA,NA,NA,1.5276,76603000,FALSE
PHLPP1,23239,NA,NA,NA,1.5239,22905000,FALSE
RPL10A,4736,NA,NA,NA,1.5227,2100900000,FALSE
DOCK8,81704,NA,NA,NA,1.5193,49694000000,FALSE
LMAN1,3998,NA,NA,NA,1.5156,207360000,FALSE
OLA1,29789,NA,NA,NA,1.5121,78409000,FALSE
CEP170,9859,NA,NA,NA,1.5063,115020000,FALSE
LNPEP,4012,NA,NA,NA,1.5046,33293000,FALSE
GTF3C4,9329,NA,NA,NA,1.5021,23402000,FALSE
MICAL3,57553,NA,NA,NA,1.5018,37943000,FALSE
PDCD11,22984,NA,NA,NA,1.5006,28200000,FALSE
EXOSC2,23404,NA,NA,NA,1.4916,94482000,FALSE
KIF2A,3796,NA,NA,NA,1.4874,323170000,FALSE
IGF2BP1,10642,NA,NA,NA,1.4852,164190000,FALSE
RPS23,6228,NA,NA,NA,1.4663,383790000,FALSE
ZNRD2,10534,NA,NA,NA,1.4544,162310000,FALSE
GTF2F2,2963,NA,NA,NA,1.4524,76655000,FALSE
SNRPD3,6634,NA,NA,NA,1.4522,362550000,FALSE
ATP2A3,489,NA,NA,NA,1.4494,150670000,FALSE
DDX41,51428,NA,NA,NA,1.4381,73066000,FALSE
GTPBP1,9567,NA,NA,NA,1.4372,49629000,FALSE
PRKRA,8575,NA,NA,NA,1.4372,202640000,FALSE
MX2,4600,NA,NA,NA,1.4287,362230000,FALSE
MYCBP2,23077,NA,NA,NA,1.4265,386840000,FALSE
EXOSC7,23016,NA,NA,NA,1.4253,45309000,FALSE
GTF3C3,9330,NA,NA,NA,1.4195,26421000,FALSE
RPS8,6202,NA,NA,NA,1.4158,352900000,FALSE
RPL27A,6157,NA,NA,NA,1.4043,272920000,FALSE
RPS2,6187,NA,NA,NA,1.4038,680720000,FALSE
TOLLIP,54472,NA,NA,NA,1.4012,174450000,FALSE
SRRT,51593,NA,NA,NA,1.3973,23967000,FALSE
UVRAG,7405,NA,NA,NA,1.3949,19158000,FALSE
SEC16A,9919,NA,NA,NA,1.3946,95240000,FALSE
RPL10,6134,NA,NA,NA,1.394,116230000,FALSE
ARHGAP24,83478,NA,NA,NA,1.3909,97458000,FALSE
RPL18A,6142,NA,NA,NA,1.3791,481500000,FALSE
RPL27,6155,NA,NA,NA,1.3687,1235400000,FALSE
ABCF1,23,NA,NA,NA,1.3679,122990000,FALSE
VPS13C,54832,NA,NA,NA,1.3629,13000000,FALSE
TRIM25,7706,NA,NA,NA,1.362,168730000,FALSE
RPS11,6205,NA,NA,NA,1.3592,936390000,FALSE
CALM1,801,NA,NA,NA,1.3591,213690000,FALSE
PRPF4,9128,NA,NA,NA,1.3587,30975000,FALSE
ELP6,54859,NA,NA,NA,1.3536,35125000,FALSE
OR2I1P,442197,NA,NA,NA,1.3448,58054000,FALSE
ARPC3,10094,NA,NA,NA,1.3437,3164200000,FALSE
MYO5A,4644,NA,NA,NA,1.3342,8530200000,FALSE
TARS2,80222,NA,NA,NA,1.3329,494450000,FALSE
MYL6B,140465,NA,NA,NA,1.3312,418490000,FALSE
PRPF3,9129,NA,NA,NA,1.325,56005000,FALSE
THOC1,9984,NA,NA,NA,1.3248,69694000,FALSE
HSD17B8,7923,NA,NA,NA,1.3199,53394000,FALSE
HDLBP,3069,NA,NA,NA,1.3191,31829000,FALSE
RPL7A,6130,NA,NA,NA,1.3181,859450000,FALSE
MYO1C,4641,NA,NA,NA,1.3174,97905000,FALSE
BTK,695,NA,NA,NA,1.3126,77343000,FALSE
TIPRL,261726,NA,NA,NA,1.3045,25608000,FALSE
SLC25A4,291,NA,NA,NA,1.303,146030000,FALSE
DOCK6,57572,NA,NA,NA,1.3021,183240000,FALSE
DHX30,22907,NA,NA,NA,1.2965,187590000,FALSE
THOC6,79228,NA,NA,NA,1.2919,83745000,FALSE
RPL36A-HNRNPH2,100529097,NA,NA,NA,1.2917,33216000,FALSE
FBXO45,200933,NA,NA,NA,1.2906,32280000,FALSE
LRCH1,23143,NA,NA,NA,1.2862,1123400000,FALSE
SMC3,9126,NA,NA,NA,1.286,20207000,FALSE
MYO1D,4642,NA,NA,NA,1.2856,22626000000,FALSE
IRF4,3662,NA,NA,NA,1.284,22644000,FALSE
PITHD1,57095,NA,NA,NA,1.2833,55878000,FALSE
SNW1,22938,NA,NA,NA,1.2805,154600000,FALSE
CLASP2,23122,NA,NA,NA,1.2782,26691000,FALSE
ABCF2,10061,NA,NA,NA,1.2761,32765000,FALSE
PGP,283871,NA,NA,NA,1.2732,47721000,FALSE
RPL17,6139,NA,NA,NA,1.2722,223120000,FALSE
HDHD2,84064,NA,NA,NA,1.2717,51000000,FALSE
TECR,9524,NA,NA,NA,1.2678,569660000,FALSE
MSH2,4436,NA,NA,NA,1.2676,32406000,FALSE
THOC2,57187,NA,NA,NA,1.2661,52368000,FALSE
ARPC2,10109,NA,NA,NA,1.2637,13279000000,FALSE
MAGT1,84061,NA,NA,NA,1.2635,31617000,FALSE
DIP2B,57609,NA,NA,NA,1.2629,85062000,FALSE
RAB30,27314,NA,NA,NA,1.26,42843000,FALSE
BLVRB,645,NA,NA,NA,1.2501,22092000,FALSE
ARPC1B,10095,NA,NA,NA,1.2496,4081800000,FALSE
PPM1G,5496,NA,NA,NA,1.2413,56010000,FALSE
SAP30,8819,NA,NA,NA,1.2395,16420000,FALSE
PYCR3,65263,NA,NA,NA,1.237,130090000,FALSE
ARPC4-TTLL3,100526693,NA,NA,NA,1.2319,6048600000,FALSE
INPP5K,51763,NA,NA,NA,1.2307,245980000,FALSE
COBLL1,22837,NA,NA,NA,1.2297,19651000,FALSE
HCFC1,3054,NA,NA,NA,1.2289,15120000,FALSE
GRB2,2885,NA,NA,NA,1.2285,258390000,FALSE
SRSF5,6430,NA,NA,NA,1.2267,73805000,FALSE
RPL21,6144,NA,NA,NA,1.2251,94210000,FALSE
LLGL1,3996,NA,NA,NA,1.2238,19936000,FALSE
MARK2,2011,NA,NA,NA,1.2231,227450000,FALSE
TYK2,7297,NA,NA,NA,1.2212,76374000,FALSE
ITPR3,3710,NA,NA,NA,1.219,2026600000,FALSE
ARPC5,10092,NA,NA,NA,1.2185,1634900000,FALSE
ARPC1A,10552,NA,NA,NA,1.213,416370000,FALSE
MRPL19,9801,NA,NA,NA,1.2123,17053000,FALSE
NCKIPSD,51517,NA,NA,NA,1.2123,88650000,FALSE
EHBP1,23301,NA,NA,NA,1.2112,27799000,FALSE
ATP5ME,521,NA,NA,NA,1.2093,46451000,FALSE
RPS26P11,441502,NA,NA,NA,1.2092,422800000,FALSE
RPS20,6224,NA,NA,NA,1.2077,3030700000,FALSE
SYNE2,23224,NA,NA,NA,1.2036,1403100000,FALSE
ZNF318,24149,NA,NA,NA,1.202,203710000,FALSE
POLD1,5424,NA,NA,NA,1.2017,128300000,FALSE
MDN1,23195,NA,NA,NA,1.2013,32183000,FALSE
ARPC5L,81873,NA,NA,NA,1.1998,1525100000,FALSE
ZNF227,7770,NA,NA,NA,1.197,156470000,FALSE
SART3,9733,NA,NA,NA,1.195,43112000,FALSE
TCL1A,8115,NA,NA,NA,1.1931,255570000,FALSE
RAB3GAP2,25782,NA,NA,NA,1.1844,26164000,FALSE
RPL13A,23521,NA,NA,NA,1.184,163840000,FALSE
LYPLAL1,127018,NA,NA,NA,1.1834,28691000,FALSE
ACSL4,2182,NA,NA,NA,1.1827,629010000,FALSE
PDCD6IP,10015,NA,NA,NA,1.1825,594860000,FALSE
NAA15,80155,NA,NA,NA,1.1817,66583000,FALSE
AK6,102157402,NA,NA,NA,1.1779,26618000,FALSE
DST,667,NA,NA,NA,1.1776,681870000,FALSE
SPTBN2,6712,NA,NA,NA,1.1761,11229000000,FALSE
DKC1,1736,NA,NA,NA,1.1755,58442000,FALSE
IFI16,3428,NA,NA,NA,1.1708,50079000,FALSE
STK10,6793,NA,NA,NA,1.1707,34571000,FALSE
ACTR3,10096,NA,NA,NA,1.1663,3003300000,FALSE
SRP68,6730,NA,NA,NA,1.1647,49682000,FALSE
SLC25A1,6576,NA,NA,NA,1.1646,347990000,FALSE
FAM111B,374393,NA,NA,NA,1.1637,26674000,FALSE
NTPCR,84284,NA,NA,NA,1.1637,32924000,FALSE
ITPR1,3708,NA,NA,NA,1.163,4339700,FALSE
MRPS7,51081,NA,NA,NA,1.1611,7927800,FALSE
MAP4,4134,NA,NA,NA,1.1593,359970000,FALSE
CTTN,2017,NA,NA,NA,1.1585,95608000,FALSE
PRKD2,25865,NA,NA,NA,1.1578,52354000,FALSE
RPL14,9045,NA,NA,NA,1.1559,391530000,FALSE
MCTS1,28985,NA,NA,NA,1.1554,45683000,FALSE
PPP1R12C,54776,NA,NA,NA,1.1543,2248400000,FALSE
UNC45A,55898,NA,NA,NA,1.1519,487840000,FALSE
RPL30,6156,NA,NA,NA,1.1515,228030000,FALSE
RPS27L,51065,NA,NA,NA,1.1506,116870000,FALSE
ARF6,382,NA,NA,NA,1.1505,136180000,FALSE
CNOT9,9125,NA,NA,NA,1.1481,59886000,FALSE
RASA2,5922,NA,NA,NA,1.1473,42156000,FALSE
ITPRID2,6744,NA,NA,NA,1.1468,887460000,FALSE
ITPR2,3709,NA,NA,NA,1.1457,1526400000,FALSE
VPS39,23339,NA,NA,NA,1.1449,43902000,FALSE
ACTL6A,86,NA,NA,NA,1.1429,35440000,FALSE
DCTN4,51164,NA,NA,NA,1.1386,101970000,FALSE
SSH2,85464,NA,NA,NA,1.137,116090000,FALSE
DDX39A,10212,NA,NA,NA,1.135,354700000,FALSE
PMVK,10654,NA,NA,NA,1.1327,24431000,FALSE
DEF6,50619,NA,NA,NA,1.1318,26451000,FALSE
SPATA5L1,79029,NA,NA,NA,1.131,15598000,FALSE
SAMHD1,25939,NA,NA,NA,1.1288,46711000,FALSE
DNAJC9,23234,NA,NA,NA,1.1281,53811000,FALSE
GART,2618,NA,NA,NA,1.1262,838230000,FALSE
POLR2B,5431,NA,NA,NA,1.1247,75120000,FALSE
THEM6,51337,NA,NA,NA,1.1229,46023000,FALSE
RPS9,6203,NA,NA,NA,1.1223,83628000,FALSE
COPA,1314,NA,NA,NA,1.1214,2019500000,FALSE
SRPRB,58477,NA,NA,NA,1.1214,85432000,FALSE
RPL23,9349,NA,NA,NA,1.1196,1210900000,FALSE
AGPAT5,55326,NA,NA,NA,1.1164,64575000,FALSE
TWF1,5756,NA,NA,NA,1.1158,689930000,FALSE
SRP14,6727,NA,NA,NA,1.113,201620000,FALSE
ABHD14B,84836,NA,NA,NA,1.1116,228430000,FALSE
CASP3,836,NA,NA,NA,1.1111,93649000,FALSE
KANK2,25959,NA,NA,NA,1.11,37336000,FALSE
SYK,6850,NA,NA,NA,1.1094,222620000,FALSE
AZGP1,563,NA,NA,NA,1.1091,15544000,FALSE
CGN,57530,NA,NA,NA,1.1064,190210000,FALSE
DNAJA2,10294,NA,NA,NA,1.106,149920000,FALSE
ACTR10,55860,NA,NA,NA,1.1009,61807000,FALSE
NOP56,10528,NA,NA,NA,1.1004,472130000,FALSE
DNAJC7,7266,NA,NA,NA,1.0966,299680000,FALSE
ARMC8,25852,NA,NA,NA,1.0962,30869000,FALSE
WDR48,57599,NA,NA,NA,1.0943,21290000,FALSE
TMCO1,54499,NA,NA,NA,1.0933,86336000,FALSE
NASP,4678,NA,NA,NA,1.0929,44295000,FALSE
CDKN2C,1031,NA,NA,NA,1.0911,34761000,FALSE
CGGBP1,8545,NA,NA,NA,1.0903,356410000,FALSE
RPS25,6230,NA,NA,NA,1.0886,347540000,FALSE
CRKL,1399,NA,NA,NA,1.0884,178870000,FALSE
CHD1L,9557,NA,NA,NA,1.088,7993300,FALSE
LUZP1,7798,NA,NA,NA,1.0878,894650000,FALSE
AARS,16,NA,NA,NA,1.0866,370780000,FALSE
OAS2,4939,NA,NA,NA,1.0842,54063000,FALSE
CTPS2,56474,NA,NA,NA,1.084,30378000,FALSE
CNOT10,25904,NA,NA,NA,1.0821,46044000,FALSE
RPL28,6158,NA,NA,NA,1.0818,43797000,FALSE
PFKP,5214,NA,NA,NA,1.0804,255190000,FALSE
GMIP,51291,NA,NA,NA,1.078,18226000,FALSE
LRRC47,57470,NA,NA,NA,1.0777,284470000,FALSE
TAPBP,6892,NA,NA,NA,1.0773,52463000,FALSE
CYFIP2,26999,NA,NA,NA,1.0771,1236800000,FALSE
NOP58,51602,NA,NA,NA,1.0763,231030000,FALSE
ZNF8,7554,NA,NA,NA,1.0762,23398000,FALSE
RPS18,6222,NA,NA,NA,1.0756,391210000,FALSE
DAPP1,27071,NA,NA,NA,1.0756,256490000,FALSE
CYBC1,79415,NA,NA,NA,1.0732,27512000,FALSE
CTDSP2,10106,NA,NA,NA,1.0728,33775000,FALSE
PEX11B,8799,NA,NA,NA,1.0728,146530000,FALSE
CISD1,55847,NA,NA,NA,1.0725,52649000,FALSE
ASNS,440,NA,NA,NA,1.0709,99756000,FALSE
MRPL14,64928,NA,NA,NA,1.0705,67938000,FALSE
LCP1,3936,NA,NA,NA,1.07,4681000000,FALSE
RASGRP3,25780,NA,NA,NA,1.0681,20522000,FALSE
CAPN1,823,NA,NA,NA,1.068,43407000,FALSE
CD44,960,NA,NA,NA,1.0674,29441000,FALSE
ACTA1,58,NA,NA,NA,1.0669,398270000,FALSE
VPS33A,65082,NA,NA,NA,1.0648,42767000,FALSE
CNOT2,4848,NA,NA,NA,1.0648,16239000,FALSE
LRCH4,4034,NA,NA,NA,1.0617,3622000000,FALSE
KEAP1,9817,NA,NA,NA,1.0604,46810000,FALSE
CKAP4,10970,NA,NA,NA,1.0574,62651000,FALSE
NCKAP1L,3071,NA,NA,NA,1.0562,404170000,FALSE
TYW3,127253,NA,NA,NA,1.0543,26395000,FALSE
CHMP2B,25978,NA,NA,NA,1.0538,147660000,FALSE
RASA4,10156,NA,NA,NA,1.0525,34145000,FALSE
AFG3L2,10939,NA,NA,NA,1.0525,93561000,FALSE
HMGCL,3155,NA,NA,NA,1.0524,36552000,FALSE
MRPS34,65993,NA,NA,NA,1.052,37993000,FALSE
PPFIA1,8500,NA,NA,NA,1.0515,36837000,FALSE
RNF214,257160,NA,NA,NA,1.0504,12293000,FALSE
SNRPF,6636,NA,NA,NA,1.0496,84020000,FALSE
MRPS18B,28973,NA,NA,NA,1.0487,51182000,FALSE
AASDHPPT,60496,NA,NA,NA,1.0477,95905000,FALSE
PTPRK,5796,NA,NA,NA,1.0468,5355000000,FALSE
SBF1,6305,NA,NA,NA,1.0461,69986000,FALSE
TNFRSF17,608,NA,NA,NA,1.0454,43578000,FALSE
EIF2S2,8894,NA,NA,NA,1.0443,79699000,FALSE
RIC8A,60626,NA,NA,NA,1.0442,55349000,FALSE
WBP11,51729,NA,NA,NA,1.0441,16945000,FALSE
VPS35,55737,NA,NA,NA,1.044,118840000,FALSE
COASY,80347,NA,NA,NA,1.0437,19460000,FALSE
PALM2AKAP2,445815,NA,NA,NA,1.0436,18380000000,FALSE
SLAMF6,114836,NA,NA,NA,1.0435,86414000,FALSE
GPX4,2879,NA,NA,NA,1.0419,59909000,FALSE
PRNP,5621,NA,NA,NA,1.0408,37323000,FALSE
SLC12A2,6558,NA,NA,NA,1.0391,10821000,FALSE
DENND1C,79958,NA,NA,NA,1.0379,71597000,FALSE
STXBP3,6814,NA,NA,NA,1.037,198780000,FALSE
STAT1,6772,NA,NA,NA,1.0364,16401000,FALSE
CTPS1,1503,NA,NA,NA,1.036,245250000,FALSE
MYO1G,64005,NA,NA,NA,1.0352,59563000000,FALSE
NAT10,55226,NA,NA,NA,1.0345,12214000,FALSE
GNB1L,54584,NA,NA,NA,1.0335,37273000,FALSE
TAMM41,132001,NA,NA,NA,1.0307,27756000,FALSE
SLC9A3R1,9368,NA,NA,NA,1.0301,125690000,FALSE
SDHA,6389,NA,NA,NA,1.0294,33938000,FALSE
DIS3,22894,NA,NA,NA,1.0292,34158000,FALSE
ACTBL2,345651,NA,NA,NA,1.0289,747670000,FALSE
EIF5B,9669,NA,NA,NA,1.0288,40378000,FALSE
CPNE3,8895,NA,NA,NA,1.028,85674000,FALSE
ARL3,403,NA,NA,NA,1.0278,65512000,FALSE
TRIM9,114088,NA,NA,NA,1.0272,16893000,FALSE
LRRFIP1,9208,NA,NA,NA,1.0257,133860000,FALSE
CLIC1,1192,NA,NA,NA,1.0245,5529200000,FALSE
EHD4,30844,NA,NA,NA,1.0237,569270000,FALSE
UBE2J1,51465,NA,NA,NA,1.0231,11604000,FALSE
GSR,2936,NA,NA,NA,1.0226,69789000,FALSE
OPA1,4976,NA,NA,NA,1.021,22957000,FALSE
SNRPA1,6627,NA,NA,NA,1.0208,135050000,FALSE
PFKM,5213,NA,NA,NA,1.0205,98420000,FALSE
RHOF,54509,NA,NA,NA,1.0194,441440000,FALSE
ALYREF,10189,NA,NA,NA,1.0191,121790000,FALSE
ACO2,50,NA,NA,NA,1.0184,46867000,FALSE
LSR,51599,NA,NA,NA,1.016,324240000,FALSE
CDIPT,10423,NA,NA,NA,1.0157,24808000,FALSE
CBS,875,NA,NA,NA,1.0151,217820000,FALSE
NDUFA9,4704,NA,NA,NA,1.015,16341000,FALSE
PSMG1,8624,NA,NA,NA,1.0146,51602000,FALSE
PSMG2,56984,NA,NA,NA,1.0143,53333000,FALSE
MAP1S,55201,NA,NA,NA,1.0136,46362000,FALSE
GSN,2934,NA,NA,NA,1.0129,26054000000,FALSE
RAB8A,4218,NA,NA,NA,1.0114,29543000,FALSE
GRK6,2870,NA,NA,NA,1.0109,14364000,FALSE
RNASEH2A,10535,NA,NA,NA,1.0108,13434000,FALSE
SBDS,51119,NA,NA,NA,1.0103,182600000,FALSE
HSPE1,3336,NA,NA,NA,1.006,186830000,FALSE
PSPC1,55269,NA,NA,NA,1.0051,20457000,FALSE
KRAS,3845,NA,NA,NA,1.0027,797410000,FALSE
NUP155,9631,NA,NA,NA,1.0025,28391000,FALSE
FAT3,120114,NA,NA,NA,1.002,562100000,FALSE
NDUFB4,4710,NA,NA,NA,1.0008,65579000,FALSE
ADD3,120,NA,NA,NA,1.0006,53999000,FALSE
MCM4,4173,NA,NA,NA,0.99992,147930000,FALSE
NDUFS2,4720,NA,NA,NA,0.999,34709000,FALSE
WRNIP1,56897,NA,NA,NA,0.99862,117620000,FALSE
NAPG,8774,NA,NA,NA,0.99842,35554000,FALSE
FLNB,2317,NA,NA,NA,0.99779,7231000000,FALSE
LRPPRC,10128,NA,NA,NA,0.99755,509530000,FALSE
SPTBN1,6711,NA,NA,NA,0.99708,2.4564E+11,FALSE
MTHFD1,4522,NA,NA,NA,0.99651,1392400000,FALSE
PPP6C,5537,NA,NA,NA,0.99579,354770000,FALSE
ABI1,10006,NA,NA,NA,0.99501,27068000,FALSE
IPO4,79711,NA,NA,NA,0.99483,85724000,FALSE
ARL15,54622,NA,NA,NA,0.99448,15409000,FALSE
TRAPPC2L,51693,NA,NA,NA,0.99399,24798000,FALSE
RPL7,6129,NA,NA,NA,0.9937,902860000,FALSE
PDLIM3,27295,NA,NA,NA,0.99254,164020000,FALSE
RAP1GDS1,5910,NA,NA,NA,0.99247,81075000,FALSE
RPA1,6117,NA,NA,NA,0.99158,21631000,FALSE
PDZRN3,23024,NA,NA,NA,0.99146,578010000,FALSE
HAX1,10456,NA,NA,NA,0.9912,23840000,FALSE
ANKRD13A,88455,NA,NA,NA,0.99088,253520000,FALSE
RPL31,6160,NA,NA,NA,0.99012,97654000,FALSE
FBXO46,23403,NA,NA,NA,0.98935,137330000,FALSE
SFXN1,94081,NA,NA,NA,0.98856,38040000,FALSE
SRGAP2,23380,NA,NA,NA,0.98828,477680000,FALSE
CLIC4,25932,NA,NA,NA,0.98789,3697500000,FALSE
RHEB,6009,NA,NA,NA,0.98744,35837000,FALSE
SNRPD1,6632,NA,NA,NA,0.98643,175100000,FALSE
EHD1,10938,NA,NA,NA,0.98574,22843000000,FALSE
EPB41L2,2037,NA,NA,NA,0.98253,174570000,FALSE
RAB35,11021,NA,NA,NA,0.98121,410420000,FALSE
SNX29P2,440352,NA,NA,NA,0.98084,25975000,FALSE
RAVER1,125950,NA,NA,NA,0.98052,22532000,FALSE
RAP2C,57826,NA,NA,NA,0.97974,785660000,FALSE
MPP6,51678,NA,NA,NA,0.97876,101510000,FALSE
UBA1,7317,NA,NA,NA,0.97867,290740000,FALSE
CYB5R3,1727,NA,NA,NA,0.97788,163860000,FALSE
RPL4,6124,NA,NA,NA,0.97773,273800000,FALSE
AP5M1,55745,NA,NA,NA,0.97722,29010000,FALSE
RPL32,6161,NA,NA,NA,0.97575,40326000,FALSE
DNAJC2,27000,NA,NA,NA,0.97522,43531000,FALSE
RAB18,22931,NA,NA,NA,0.97416,67344000,FALSE
NOSIP,51070,NA,NA,NA,0.97333,88612000,FALSE
MPRIP,23164,NA,NA,NA,0.97254,907500000,FALSE
MELTF,4241,NA,NA,NA,0.97131,283360000,FALSE
KCNN1,3780,NA,NA,NA,0.97079,66897000,FALSE
RAP1A,5906,NA,NA,NA,0.9706,2090700000,FALSE
HADHA,3030,NA,NA,NA,0.97018,224060000,FALSE
SLC25A22,79751,NA,NA,NA,0.97002,127110000,FALSE
STK24,8428,NA,NA,NA,0.96996,170500000,FALSE
SNTB2,6645,NA,NA,NA,0.96971,189150000,FALSE
CTNNA1,1495,NA,NA,NA,0.96936,99320000,FALSE
GCSAM,257144,NA,NA,NA,0.96886,302590000,FALSE
PLEC,5339,NA,NA,NA,0.9679,27528000000,FALSE
PTPN11,5781,NA,NA,NA,0.96761,35876000,FALSE
DNAJC13,23317,NA,NA,NA,0.96618,229130000,FALSE
PPIL3,53938,NA,NA,NA,0.96565,19582000,FALSE
RAB7A,7879,NA,NA,NA,0.96494,800160000,FALSE
SLIRP,81892,NA,NA,NA,0.96472,200490000,FALSE
LPXN,9404,NA,NA,NA,0.96453,30071000,FALSE
NRAS,4893,NA,NA,NA,0.96334,99010000,FALSE
RPS6KA1,6195,NA,NA,NA,0.96305,42931000,FALSE
HUWE1,10075,NA,NA,NA,0.96283,265220000,FALSE
ABLIM1,3983,NA,NA,NA,0.96252,997320000,FALSE
POLD2,5425,NA,NA,NA,0.96205,29138000,FALSE
FLNA,2316,NA,NA,NA,0.96122,44296000000,FALSE
TTC37,9652,NA,NA,NA,0.96074,28157000,FALSE
TJP2,9414,NA,NA,NA,0.96064,14437000000,FALSE
SNTB1,6641,NA,NA,NA,0.95705,182730000,FALSE
TRADD,8717,NA,NA,NA,0.95486,33734000,FALSE
MME,4311,NA,NA,NA,0.95449,246460000,FALSE
LRRK1,79705,NA,NA,NA,0.95438,47603000,FALSE
RAC1,5879,NA,NA,NA,0.95264,270320000,FALSE
GLRB,2743,NA,NA,NA,0.95182,1158900000,FALSE
ANXA2,302,NA,NA,NA,0.9517,383140000,FALSE
RPS15A,6210,NA,NA,NA,0.95096,617970000,FALSE
CD55,1604,NA,NA,NA,0.94882,161240000,FALSE
TBC1D10A,83874,NA,NA,NA,0.94879,11585000,FALSE
KPNA1,3836,NA,NA,NA,0.94826,20019000,FALSE
ITPA,3704,NA,NA,NA,0.94738,49833000,FALSE
TXNL1,9352,NA,NA,NA,0.94661,1858400000,FALSE
SCRIB,23513,NA,NA,NA,0.94615,1381500000,FALSE
PPA1,5464,NA,NA,NA,0.94611,218130000,FALSE
SIPA1L3,23094,NA,NA,NA,0.94549,445870000,FALSE
CNN2,1265,NA,NA,NA,0.94533,1110600000,FALSE
SPECC1L,23384,NA,NA,NA,0.94518,27711000000,FALSE
ACADVL,37,NA,NA,NA,0.94482,23530000,FALSE
ACSL3,2181,NA,NA,NA,0.9447,136120000,FALSE
RHOC,389,NA,NA,NA,0.94357,1312600000,FALSE
ELMO1,9844,NA,NA,NA,0.9433,386900000,FALSE
REL,5966,NA,NA,NA,0.94262,132900000,FALSE
PPP1R16B,26051,NA,NA,NA,0.94253,78909000,FALSE
SDCBP,6386,NA,NA,NA,0.94158,17447000,FALSE
COBL,23242,NA,NA,NA,0.94079,20901000,FALSE
SIPA1L1,26037,NA,NA,NA,0.94026,512680000,FALSE
KANK1,23189,NA,NA,NA,0.93898,195480000,FALSE
AKR1B1,231,NA,NA,NA,0.93866,120990000,FALSE
LIN7C,55327,NA,NA,NA,0.93795,33311000,FALSE
MRPS11,64963,NA,NA,NA,0.93752,65818000,FALSE
YARS,8565,NA,NA,NA,0.93669,352590000,FALSE
ANP32E,81611,NA,NA,NA,0.93643,97198000,FALSE
NARS,4677,NA,NA,NA,0.93617,928880000,FALSE
TRAPPC5,126003,NA,NA,NA,0.93517,44917000,FALSE
CRYZ,1429,NA,NA,NA,0.93423,62908000,FALSE
PLEKHF2,79666,NA,NA,NA,0.93339,113120000,FALSE
THOC5,8563,NA,NA,NA,0.93146,28891000,FALSE
FBL,2091,NA,NA,NA,0.93144,288670000,FALSE
SARS,6301,NA,NA,NA,0.92974,168400000,FALSE
PRDX2,7001,NA,NA,NA,0.9267,1588900000,FALSE
RABGAP1L,9910,NA,NA,NA,0.92626,140060000,FALSE
PSME2,5721,NA,NA,NA,0.92547,187200000,FALSE
MACF1,23499,NA,NA,NA,0.92463,68937000,FALSE
NUDT5,11164,NA,NA,NA,0.92436,75871000,FALSE
RPL35A,6165,NA,NA,NA,0.92292,136520000,FALSE
SEMA7A,8482,NA,NA,NA,0.92282,122780000,FALSE
TRAF3,7187,NA,NA,NA,0.92255,56196000,FALSE
NFKB2,4791,NA,NA,NA,0.92224,22759000,FALSE
FERMT3,83706,NA,NA,NA,0.92194,339630000,FALSE
TUBGCP3,10426,NA,NA,NA,0.92145,33250000,FALSE
EIF2B5,8893,NA,NA,NA,0.92092,59796000,FALSE
JUP,3728,NA,NA,NA,0.92043,192710000,FALSE
GLOD4,51031,NA,NA,NA,0.91895,6547600000,FALSE
NES,10763,NA,NA,NA,0.9186,74777000,FALSE
CARHSP1,23589,NA,NA,NA,0.91797,77264000,FALSE
STX17,55014,NA,NA,NA,0.91783,32317000,FALSE
JAK2,3717,NA,NA,NA,0.91682,12391000,FALSE
SPCS3,60559,NA,NA,NA,0.91644,49471000,FALSE
DTX1,1840,NA,NA,NA,0.91634,535030000,FALSE
PPIH,10465,NA,NA,NA,0.91603,35156000,FALSE
OTUB1,55611,NA,NA,NA,0.9159,105150000,FALSE
NME1-NME2,654364,NA,NA,NA,0.91549,662490000,FALSE
USO1,8615,NA,NA,NA,0.91546,37860000,FALSE
DIABLO,56616,NA,NA,NA,0.91456,50494000,FALSE
PPP1R2B,153743,NA,NA,NA,0.91399,107140000,FALSE
TRAPPC11,60684,NA,NA,NA,0.91335,15689000,FALSE
PPAT,5471,NA,NA,NA,0.91214,23762000,FALSE
MYH11,4629,NA,NA,NA,0.91161,1538900000,FALSE
POLR2C,5432,NA,NA,NA,0.91158,29143000,FALSE
DSG2,1829,NA,NA,NA,0.91076,435670000,FALSE
TUBGCP6,85378,NA,NA,NA,0.91034,58030000,FALSE
LGALS1,3956,NA,NA,NA,0.90917,28033000,FALSE
GNA13,10672,NA,NA,NA,0.90854,126540000,FALSE
GRHPR,9380,NA,NA,NA,0.90832,107380000,FALSE
RAB2B,84932,NA,NA,NA,0.90761,53502000,FALSE
NCAPG,64151,NA,NA,NA,0.90684,34919000,FALSE
CTNNB1,1499,NA,NA,NA,0.90629,30199000,FALSE
UBE2M,9040,NA,NA,NA,0.90568,132440000,FALSE
GFPT1,2673,NA,NA,NA,0.90525,105660000,FALSE
MDH1,4190,NA,NA,NA,0.9049,124960000,FALSE
PRKCA,5578,NA,NA,NA,0.90359,50966000,FALSE
AP1B1,162,NA,NA,NA,0.90286,877510000,FALSE
FYN,2534,NA,NA,NA,0.90128,429690000,FALSE
AP3D1,8943,NA,NA,NA,0.90064,37358000,FALSE
PDCD10,11235,NA,NA,NA,0.9001,2097800000,FALSE
ACAP2,23527,NA,NA,NA,0.89975,33930000,FALSE
EPB41,2035,NA,NA,NA,0.89908,170590000,FALSE
NDUFS1,4719,NA,NA,NA,0.89902,23448000,FALSE
UCHL1,7345,NA,NA,NA,0.89887,580640000,FALSE
CHMP4B,128866,NA,NA,NA,0.89821,159400000,FALSE
CDC37,11140,NA,NA,NA,0.89778,42120000,FALSE
IQGAP1,8826,NA,NA,NA,0.89767,24741000000,FALSE
LZTS2,84445,NA,NA,NA,0.89712,38544000,FALSE
PSMF1,9491,NA,NA,NA,0.89476,22869000,FALSE
SF3A3,10946,NA,NA,NA,0.89449,44941000,FALSE
TCEA1,6917,NA,NA,NA,0.89431,29740000,FALSE
SH2D3C,10044,NA,NA,NA,0.89302,121830000,FALSE
LRRC59,55379,NA,NA,NA,0.89051,46813000,FALSE
TUBA1C,84790,NA,NA,NA,0.88919,7629900000,FALSE
HSPA4,3308,NA,NA,NA,0.88869,103010000,FALSE
CD37,951,NA,NA,NA,0.88681,59152000,FALSE
CSK,1445,NA,NA,NA,0.88663,450650000,FALSE
TXNDC17,84817,NA,NA,NA,0.88612,62472000,FALSE
TTC7A,57217,NA,NA,NA,0.88587,210750000,FALSE
TMX1,81542,NA,NA,NA,0.8857,27308000,FALSE
AP1G2,8906,NA,NA,NA,0.88529,56100000,FALSE
PALD1,27143,NA,NA,NA,0.88527,42914000,FALSE
NUAK2,81788,NA,NA,NA,0.88495,708440000,FALSE
PAG1,55824,NA,NA,NA,0.8842,227570000,FALSE
PSMD9,5715,NA,NA,NA,0.88328,85655000,FALSE
TBCB,1155,NA,NA,NA,0.88063,30800000,FALSE
CUL5,8065,NA,NA,NA,0.88054,37960000,FALSE
RALB,5899,NA,NA,NA,0.87977,414310000,FALSE
COMMD3,23412,NA,NA,NA,0.87976,31677000,FALSE
SFN,2810,NA,NA,NA,0.87918,555470000,FALSE
GYS1,2997,NA,NA,NA,0.87901,109280000,FALSE
SLC7A5,8140,NA,NA,NA,0.87812,39847000,FALSE
SNU13,4809,NA,NA,NA,0.87796,50228000,FALSE
NSF,4905,NA,NA,NA,0.87541,259760000,FALSE
RAB5C,5878,NA,NA,NA,0.87471,325540000,FALSE
TLN1,7094,NA,NA,NA,0.87427,291430000,FALSE
MTA2,9219,NA,NA,NA,0.87349,23877000,FALSE
TUBGCP4,27229,NA,NA,NA,0.87297,42474000,FALSE
EIF2A,83939,NA,NA,NA,0.87203,39914000,FALSE
ATP6V1E1,529,NA,NA,NA,0.87143,48873000,FALSE
SMPDL3B,27293,NA,NA,NA,0.87138,132020000,FALSE
CAMK2D,817,NA,NA,NA,0.86986,213340000,FALSE
LRMP,4033,NA,NA,NA,0.8694,49831000,FALSE
ARF3,377,NA,NA,NA,0.86869,140170000,FALSE
ELOB,6923,NA,NA,NA,0.86843,109330000,FALSE
RNF213,57674,NA,NA,NA,0.8676,11868000,FALSE
PPP1CB,5500,NA,NA,NA,0.86657,3772500000,FALSE
ATG7,10533,NA,NA,NA,0.86656,121500000,FALSE
NCAPD2,9918,NA,NA,NA,0.8657,30911000,FALSE
CTDSP1,58190,NA,NA,NA,0.86513,50929000,FALSE
ATIC,471,NA,NA,NA,0.86258,550110000,FALSE
CDK4,1019,NA,NA,NA,0.86184,59323000,FALSE
PSME1,5720,NA,NA,NA,0.86179,73295000,FALSE
LDHB,3945,NA,NA,NA,0.86139,2590100000,FALSE
ANP32B,10541,NA,NA,NA,0.86135,137720000,FALSE
TELO2,9894,NA,NA,NA,0.86128,110210000,FALSE
CD2AP,23607,NA,NA,NA,0.86093,503280000,FALSE
IKBKB,3551,NA,NA,NA,0.85989,17311000,FALSE
MRPS24,64951,NA,NA,NA,0.85931,16508000,FALSE
FAM126B,285172,NA,NA,NA,0.85898,30329000,FALSE
ENAH,55740,NA,NA,NA,0.85847,5639200,FALSE
RGS13,6003,NA,NA,NA,0.8574,130370000,FALSE
SPIRE1,56907,NA,NA,NA,0.85731,9698000,FALSE
WDR1,9948,NA,NA,NA,0.85699,287770000,FALSE
RANGAP1,5905,NA,NA,NA,0.85656,32409000,FALSE
NIP7,51388,NA,NA,NA,0.85605,51616000,FALSE
STX11,8676,NA,NA,NA,0.85524,58201000,FALSE
FHOD1,29109,NA,NA,NA,0.8551,54381000,FALSE
EXOC2,55770,NA,NA,NA,0.85278,30009000,FALSE
VPS29,51699,NA,NA,NA,0.85264,182610000,FALSE
SCAMP2,10066,NA,NA,NA,0.85238,33807000,FALSE
NAA50,80218,NA,NA,NA,0.85211,15177000,FALSE
SRSF7,6432,NA,NA,NA,0.852,57851000,FALSE
AP1G1,164,NA,NA,NA,0.85088,112540000,FALSE
CDK2,1017,NA,NA,NA,0.85044,24659000,FALSE
SUGT1,10910,NA,NA,NA,0.85015,83592000,FALSE
DNM1L,10059,NA,NA,NA,0.85009,114940000,FALSE
UBE2I,7329,NA,NA,NA,0.84944,56823000,FALSE
DYNC1H1,1778,NA,NA,NA,0.84875,2490600000,FALSE
TXNDC5,81567,NA,NA,NA,0.84846,7361200,FALSE
ANXA6,309,NA,NA,NA,0.84839,82554000,FALSE
RPL13,6137,NA,NA,NA,0.84751,199560000,FALSE
RRAS2,22800,NA,NA,NA,0.84741,3507800000,FALSE
ARHGAP25,9938,NA,NA,NA,0.84738,242790000,FALSE
MGST1,4257,NA,NA,NA,0.84667,70881000,FALSE
GABARAPL2,11345,NA,NA,NA,0.84629,30629000,FALSE
PIK3C3,5289,NA,NA,NA,0.84627,20547000,FALSE
WASF2,10163,NA,NA,NA,0.84621,80499000,FALSE
C2orf88,84281,NA,NA,NA,0.8451,12903000,FALSE
ACP1,52,NA,NA,NA,0.84428,226390000,FALSE
SAR1B,51128,NA,NA,NA,0.84407,44399000,FALSE
VAPA,9218,NA,NA,NA,0.84374,509350000,FALSE
FARSB,10056,NA,NA,NA,0.84264,439810000,FALSE
RASA3,22821,NA,NA,NA,0.8415,181600000,FALSE
KATNAL2,83473,NA,NA,NA,0.84034,319930000,FALSE
ALPL,249,NA,NA,NA,0.8402,55130000,FALSE
AP2A1,160,NA,NA,NA,0.83995,1174800000,FALSE
SKP1,6500,NA,NA,NA,0.83797,161930000,FALSE
ANP32A,8125,NA,NA,NA,0.83732,42960000,FALSE
ATP6V1A,523,NA,NA,NA,0.83697,110290000,FALSE
STUB1,10273,NA,NA,NA,0.83621,64745000,FALSE
ADD1,118,NA,NA,NA,0.83618,80174000,FALSE
RECQL,5965,NA,NA,NA,0.83613,107200000,FALSE
SRM,6723,NA,NA,NA,0.83612,42663000,FALSE
CUL1,8454,NA,NA,NA,0.83505,44704000,FALSE
SYPL1,6856,NA,NA,NA,0.83484,80051000,FALSE
RAB27A,5873,NA,NA,NA,0.83467,55040000,FALSE
AP2A2,161,NA,NA,NA,0.83254,131140000,FALSE
EFR3A,23167,NA,NA,NA,0.83096,244110000,FALSE
GAPVD1,26130,NA,NA,NA,0.83047,56676000,FALSE
FRYL,285527,NA,NA,NA,0.82996,102340000,FALSE
VWA8,23078,NA,NA,NA,0.82992,21759000,FALSE
UBE2V1,7335,NA,NA,NA,0.82929,44544000,FALSE
PFN1,5216,NA,NA,NA,0.82909,605630000,FALSE
PRDX6,9588,NA,NA,NA,0.82899,599450000,FALSE
RAB11A,8766,NA,NA,NA,0.82893,333850000,FALSE
PGD,5226,NA,NA,NA,0.82868,249690000,FALSE
RELCH,57614,NA,NA,NA,0.82853,47769000,FALSE
DDT,1652,NA,NA,NA,0.8273,13284000,FALSE
VPS45,11311,NA,NA,NA,0.82684,19115000,FALSE
OSBPL11,114885,NA,NA,NA,0.82635,29471000,FALSE
CARS,833,NA,NA,NA,0.82429,83392000,FALSE
ABR,29,NA,NA,NA,0.82263,59618000,FALSE
KLC1,3831,NA,NA,NA,0.82251,22195000,FALSE
SNAP23,8773,NA,NA,NA,0.82216,409170000,FALSE
PPP1R12B,4660,NA,NA,NA,0.82193,683960000,FALSE
PRKAR2A,5576,NA,NA,NA,0.82174,1120800000,FALSE
N4BP3,23138,NA,NA,NA,0.82106,175100000,FALSE
ITPKB,3707,NA,NA,NA,0.81989,565630000,FALSE
ARHGAP45,23526,NA,NA,NA,0.81863,80258000,FALSE
PFAS,5198,NA,NA,NA,0.81821,55732000,FALSE
KDSR,2531,NA,NA,NA,0.81799,75668000,FALSE
MAPRE2,10982,NA,NA,NA,0.81775,98821000,FALSE
SHMT2,6472,NA,NA,NA,0.8162,193920000,FALSE
LGALS8,3964,NA,NA,NA,0.81501,48264000,FALSE
REPS1,85021,NA,NA,NA,0.81499,55076000,FALSE
ABI3,51225,NA,NA,NA,0.81467,77019000,FALSE
YES1,7525,NA,NA,NA,0.81397,84412000,FALSE
SWAP70,23075,NA,NA,NA,0.81279,4644200000,FALSE
GANAB,23193,NA,NA,NA,0.812,155150000,FALSE
RRAGA,10670,NA,NA,NA,0.8119,30694000,FALSE
LRBA,987,NA,NA,NA,0.81066,43765000,FALSE
CIB1,10519,NA,NA,NA,0.81049,12267000,FALSE
ITGB1BP1,9270,NA,NA,NA,0.80966,20366000,FALSE
LIMD2,80774,NA,NA,NA,0.80959,81717000,FALSE
SPECC1,92521,NA,NA,NA,0.80886,1770500000,FALSE
STX4,6810,NA,NA,NA,0.80851,135840000,FALSE
ZDHHC5,25921,NA,NA,NA,0.80695,15206000,FALSE
CD48,962,NA,NA,NA,0.8068,2188000000,FALSE
DNM2,1785,NA,NA,NA,0.80588,149300000,FALSE
LYN,4067,NA,NA,NA,0.80556,2677700000,FALSE
AIP,9049,NA,NA,NA,0.80522,25483000,FALSE
RFTN1,23180,NA,NA,NA,0.80501,25970000000,FALSE
SLC30A7,148867,NA,NA,NA,0.80499,13387000,FALSE
PPA2,27068,NA,NA,NA,0.80493,19981000,FALSE
WARS,7453,NA,NA,NA,0.80451,54526000,FALSE
PPP1CA,5499,NA,NA,NA,0.8045,15148000000,FALSE
ABCF3,55324,NA,NA,NA,0.80427,31858000,FALSE
VPS4B,9525,NA,NA,NA,0.80216,139530000,FALSE
COMMD8,54951,NA,NA,NA,0.8018,38713000,FALSE
LMO7,4008,NA,NA,NA,0.79949,30615000000,FALSE
VCP,7415,NA,NA,NA,0.79939,1230700000,FALSE
UBR4,23352,NA,NA,NA,0.79884,476310000,FALSE
EFHD2,79180,NA,NA,NA,0.79807,24051000000,FALSE
PIK3R4,30849,NA,NA,NA,0.79737,63624000,FALSE
EEPD1,80820,NA,NA,NA,0.79686,391760000,FALSE
APRT,353,NA,NA,NA,0.79607,202170000,FALSE
PRDX3,10935,NA,NA,NA,0.7926,48765000,FALSE
CAPN7,23473,NA,NA,NA,0.79126,8455300,FALSE
PRPSAP2,5636,NA,NA,NA,0.79029,12118000,FALSE
ESD,2098,NA,NA,NA,0.78847,143650000,FALSE
STXBP6,29091,NA,NA,NA,0.78803,19413000,FALSE
LARS,51520,NA,NA,NA,0.78745,265250000,FALSE
TMOD2,29767,NA,NA,NA,0.78541,118690000,FALSE
FMNL1,752,NA,NA,NA,0.7842,227970000,FALSE
PPP3CA,5530,NA,NA,NA,0.7841,142280000,FALSE
TTLL12,23170,NA,NA,NA,0.78365,62982000,FALSE
TPRN,286262,NA,NA,NA,0.78155,59842000,FALSE
WAS,7454,NA,NA,NA,0.77934,56638000,FALSE
TPM3,7170,NA,NA,NA,0.77873,193080000,FALSE
CD59,966,NA,NA,NA,0.77829,571750000,FALSE
GAB3,139716,NA,NA,NA,0.77783,24170000,FALSE
AP2B1,163,NA,NA,NA,0.77653,97341000,FALSE
ANXA5,308,NA,NA,NA,0.7759,118520000,FALSE
HADHB,3032,NA,NA,NA,0.77545,186210000,FALSE
LAMTOR1,55004,NA,NA,NA,0.77474,101830000,FALSE
TPM1,7168,NA,NA,NA,0.77473,66792000,FALSE
IDH3A,3419,NA,NA,NA,0.77441,77794000,FALSE
ARCN1,372,NA,NA,NA,0.77383,74646000,FALSE
AP2M1,1173,NA,NA,NA,0.77222,153160000,FALSE
TACO1,51204,NA,NA,NA,0.77182,27104000,FALSE
EPS15,2060,NA,NA,NA,0.77109,193180000,FALSE
ROCK1,6093,NA,NA,NA,0.77089,20541000,FALSE
CCNY,219771,NA,NA,NA,0.77002,526510000,FALSE
DCK,1633,NA,NA,NA,0.76982,113180000,FALSE
MRPL58,3396,NA,NA,NA,0.76791,14617000,FALSE
SEC13,6396,NA,NA,NA,0.76724,105310000,FALSE
DCTN3,11258,NA,NA,NA,0.76692,209510000,FALSE
CCAR2,57805,NA,NA,NA,0.76602,23594000,FALSE
RPAP3,79657,NA,NA,NA,0.76556,16396000,FALSE
KRT17,3872,NA,NA,NA,0.76447,151190000,FALSE
AP2S1,1175,NA,NA,NA,0.76267,221390000,FALSE
CS,1431,NA,NA,NA,0.76261,63975000,FALSE
GEMIN5,25929,NA,NA,NA,0.7624,22519000,FALSE
ARHGAP17,55114,NA,NA,NA,0.76073,109950000,FALSE
NDUFA8,4702,NA,NA,NA,0.76048,14983000,FALSE
INPP5D,3635,NA,NA,NA,0.7581,204310000,FALSE
HINT1,3094,NA,NA,NA,0.75799,178390000,FALSE
VARS,7407,NA,NA,NA,0.75757,205740000,FALSE
PCM1,5108,NA,NA,NA,0.75637,226430000,FALSE
OGDH,4967,NA,NA,NA,0.75626,48893000,FALSE
SYNGR2,9144,NA,NA,NA,0.75563,85197000,FALSE
CLTA,1211,NA,NA,NA,0.75428,336170000,FALSE
IL16,3603,NA,NA,NA,0.75409,1649300000,FALSE
HAUS1,115106,NA,NA,NA,0.75339,11054000,FALSE
SELENOH,280636,NA,NA,NA,0.75231,46234000,FALSE
NUP50,10762,NA,NA,NA,0.75189,13681000,FALSE
PSMD3,5709,NA,NA,NA,0.75134,459810000,FALSE
NAPA,8775,NA,NA,NA,0.75021,149290000,FALSE
RASAL3,64926,NA,NA,NA,0.74975,1051400000,FALSE
STXBP2,6813,NA,NA,NA,0.74889,119270000,FALSE
DNAJC10,54431,NA,NA,NA,0.74886,20631000,FALSE
PAK2,5062,NA,NA,NA,0.74794,130150000,FALSE
PI4KA,5297,NA,NA,NA,0.74607,529930000,FALSE
NUP88,4927,NA,NA,NA,0.74509,135700000,FALSE
YWHAH,7533,NA,NA,NA,0.74469,328080000,FALSE
PSMA5,5686,NA,NA,NA,0.74413,164130000,FALSE
LONP1,9361,NA,NA,NA,0.7438,173860000,FALSE
BRCC3,79184,NA,NA,NA,0.74318,45552000,FALSE
FKBP3,2287,NA,NA,NA,0.74232,13064000,FALSE
BST2,684,NA,NA,NA,0.74154,890350000,FALSE
RNF41,10193,NA,NA,NA,0.74137,72807000,FALSE
IDH2,3418,NA,NA,NA,0.74098,85835000,FALSE
COPS5,10987,NA,NA,NA,0.74037,21976000,FALSE
MAPRE1,22919,NA,NA,NA,0.73906,150050000,FALSE
RNF31,55072,NA,NA,NA,0.73861,7761600,FALSE
TPI1,7167,NA,NA,NA,0.73841,173160000,FALSE
UBQLN1,29979,NA,NA,NA,0.73646,10665000,FALSE
SGTA,6449,NA,NA,NA,0.73626,158740000,FALSE
CCDC22,28952,NA,NA,NA,0.73615,166670000,FALSE
RANBP2,5903,NA,NA,NA,0.73591,75286000,FALSE
PSMD1,5707,NA,NA,NA,0.7355,315160000,FALSE
PICALM,8301,NA,NA,NA,0.73462,15260000,FALSE
SEPTIN7,989,NA,NA,NA,0.73373,189260000,FALSE
ARHGEF6,9459,NA,NA,NA,0.7337,25515000,FALSE
VAPB,9217,NA,NA,NA,0.73196,95035000,FALSE
AKAP13,11214,NA,NA,NA,0.73195,153290000,FALSE
HLA-DRB3,3125,NA,NA,NA,0.73065,75505000,FALSE
MRPS36,92259,NA,NA,NA,0.7294,11060000,FALSE
NUP153,9972,NA,NA,NA,0.72714,89118000,FALSE
MRPS23,51649,NA,NA,NA,0.72607,29813000,FALSE
FLII,2314,NA,NA,NA,0.72522,2984600000,FALSE
GAB1,2549,NA,NA,NA,0.72504,13159000,FALSE
PPP1R9B,84687,NA,NA,NA,0.72311,574140000,FALSE
TBK1,29110,NA,NA,NA,0.72127,31553000,FALSE
ACADM,34,NA,NA,NA,0.72043,365900000,FALSE
NIBAN1,116496,NA,NA,NA,0.7178,37674000,FALSE
CKAP5,9793,NA,NA,NA,0.71635,22456000,FALSE
GNB2,2783,NA,NA,NA,0.71487,5824000000,FALSE
COPS8,10920,NA,NA,NA,0.7142,29567000,FALSE
COPZ1,22818,NA,NA,NA,0.71402,35065000,FALSE
PSMB2,5690,NA,NA,NA,0.71355,213990000,FALSE
NFATC2,4773,NA,NA,NA,0.71212,18496000,FALSE
STIP1,10963,NA,NA,NA,0.71168,321010000,FALSE
PDIA6,10130,NA,NA,NA,0.71133,238090000,FALSE
TPP2,7174,NA,NA,NA,0.71048,744560000,FALSE
VASP,7408,NA,NA,NA,0.7082,476130000,FALSE
PSMA1,5682,NA,NA,NA,0.7054,692270000,FALSE
AMOTL1,154810,NA,NA,NA,0.70524,33316000,FALSE
SHKBP1,92799,NA,NA,NA,0.70496,375330000,FALSE
CMPK1,51727,NA,NA,NA,0.70431,41106000,FALSE
IKZF3,22806,NA,NA,NA,0.70214,12930000,FALSE
SNAP29,9342,NA,NA,NA,0.70049,25241000,FALSE
CCDC88C,440193,NA,NA,NA,0.7004,566390000,FALSE
LASP1,3927,NA,NA,NA,0.70007,264530000,FALSE
NUDC,10726,NA,NA,NA,0.69921,41598000,FALSE
DAAM1,23002,NA,NA,NA,0.69626,130110000,FALSE
SH3BP1,23616,NA,NA,NA,0.69578,12856000,FALSE
EIF2B1,1967,NA,NA,NA,0.69557,85941000,FALSE
DCTN2,10540,NA,NA,NA,0.69483,277610000,FALSE
PSMB8,5696,NA,NA,NA,0.69315,177700000,FALSE
PSMD11,5717,NA,NA,NA,0.69213,554440000,FALSE
DIAPH1,1729,NA,NA,NA,0.69192,12638000,FALSE
CORO1A,11151,NA,NA,NA,0.68985,1124000000,FALSE
DNAAF5,54919,NA,NA,NA,0.68928,10146000,FALSE
LCK,3932,NA,NA,NA,0.6889,381840000,FALSE
ARHGDIB,397,NA,NA,NA,0.68759,130220000,FALSE
PSMB9,5698,NA,NA,NA,0.68626,38898000,FALSE
HSD17B10,3028,NA,NA,NA,0.68603,302200000,FALSE
KCTD10,83892,NA,NA,NA,0.68576,253490000,FALSE
GSTP1,2950,NA,NA,NA,0.68575,122750000,FALSE
PRPS2,5634,NA,NA,NA,0.685,19674000,FALSE
ATP1B3,483,NA,NA,NA,0.68451,104450000,FALSE
NUP93,9688,NA,NA,NA,0.6842,45330000,FALSE
TUBG1,7283,NA,NA,NA,0.6832,93224000,FALSE
RP2,6102,NA,NA,NA,0.68221,331210000,FALSE
PSMA3,5684,NA,NA,NA,0.68195,149950000,FALSE
GEMIN6,79833,NA,NA,NA,0.68091,40806000,FALSE
COTL1,23406,NA,NA,NA,0.6803,114570000,FALSE
SEH1L,81929,NA,NA,NA,0.67966,17178000,FALSE
SSRP1,6749,NA,NA,NA,0.67879,27842000,FALSE
DCTN1,1639,NA,NA,NA,0.67755,87899000,FALSE
PSMD14,10213,NA,NA,NA,0.67346,41736000,FALSE
LIMA1,51474,NA,NA,NA,0.67336,7730900000,FALSE
FEN1,2237,NA,NA,NA,0.67202,99910000,FALSE
FTH1,2495,NA,NA,NA,0.67028,108390000,FALSE
PSMD7,5713,NA,NA,NA,0.66931,118570000,FALSE
CDC42,998,NA,NA,NA,0.66883,598940000,FALSE
TAGLN2,8407,NA,NA,NA,0.66824,214220000,FALSE
PSMA6,5687,NA,NA,NA,0.66762,282550000,FALSE
EXOC3,11336,NA,NA,NA,0.66631,23439000,FALSE
PRKAG1,5571,NA,NA,NA,0.66551,35024000,FALSE
GLIPR2,152007,NA,NA,NA,0.66465,66098000,FALSE
TNIP1,10318,NA,NA,NA,0.66407,38727000,FALSE
PITPNB,23760,NA,NA,NA,0.6632,20666000,FALSE
PACSIN2,11252,NA,NA,NA,0.66253,133520000,FALSE
EXOC4,60412,NA,NA,NA,0.65855,15651000,FALSE
MCM2,4171,NA,NA,NA,0.65795,55526000,FALSE
CMC1,152100,NA,NA,NA,0.65717,18311000,FALSE
MYO18A,399687,NA,NA,NA,0.65511,8028500000,FALSE
GOLGA7,51125,NA,NA,NA,0.65369,63193000,FALSE
WASHC5,9897,NA,NA,NA,0.65306,21709000,FALSE
ST13,6767,NA,NA,NA,0.65055,53636000,FALSE
NUP62,23636,NA,NA,NA,0.64889,73924000,FALSE
HNRNPH3,3189,NA,NA,NA,0.64878,36961000,FALSE
EBP,10682,NA,NA,NA,0.64805,58807000,FALSE
NUP133,55746,NA,NA,NA,0.64778,20229000,FALSE
CBX3,11335,NA,NA,NA,0.64716,34404000,FALSE
ROCK2,9475,NA,NA,NA,0.6466,22195000,FALSE
CCDC69,26112,NA,NA,NA,0.64609,749660000,FALSE
IKZF1,10320,NA,NA,NA,0.64444,57577000,FALSE
SIPA1,6494,NA,NA,NA,0.64379,5304400000,FALSE
ESYT1,23344,NA,NA,NA,0.64356,28661000,FALSE
TES,26136,NA,NA,NA,0.64047,61525000,FALSE
PSMC5,5705,NA,NA,NA,0.63898,319570000,FALSE
PSMB1,5689,NA,NA,NA,0.63739,200750000,FALSE
PSMC2,5701,NA,NA,NA,0.63714,318290000,FALSE
TSFM,10102,NA,NA,NA,0.63502,11715000,FALSE
SQSTM1,8878,NA,NA,NA,0.63234,55027000,FALSE
PSMB5,5693,NA,NA,NA,0.63137,144630000,FALSE
CORO2A,7464,NA,NA,NA,0.63086,80793000,FALSE
AP3B1,8546,NA,NA,NA,0.63038,82055000,FALSE
WDR91,29062,NA,NA,NA,0.62986,17917000,FALSE
AP3S1,1176,NA,NA,NA,0.62887,19691000,FALSE
NUP54,53371,NA,NA,NA,0.62657,54744000,FALSE
NUP85,79902,NA,NA,NA,0.6258,23237000,FALSE
GPM6A,2823,NA,NA,NA,0.62524,541530000,FALSE
PSMB6,5694,NA,NA,NA,0.62523,157130000,FALSE
RPL5,6125,NA,NA,NA,0.62405,76861000,FALSE
ACACA,31,NA,NA,NA,0.62312,38042000,FALSE
CD74,972,NA,NA,NA,0.62268,27320000,FALSE
PDIA4,9601,NA,NA,NA,0.62212,34378000,FALSE
PSMB10,5699,NA,NA,NA,0.62147,10849000,FALSE
AP1M1,8907,NA,NA,NA,0.62039,92935000,FALSE
PACS1,55690,NA,NA,NA,0.62014,11220000,FALSE
FTL,2512,NA,NA,NA,0.61934,53451000,FALSE
TNFAIP1,7126,NA,NA,NA,0.61808,49022000,FALSE
CAP1,10487,NA,NA,NA,0.6173,34303000,FALSE
DIXDC1,85458,NA,NA,NA,0.61564,11132000,FALSE
PSMD8,5714,NA,NA,NA,0.61466,328170000,FALSE
UBL4A,8266,NA,NA,NA,0.61148,41766000,FALSE
DYNC1LI1,51143,NA,NA,NA,0.61046,81731000,FALSE
PIH1D1,55011,NA,NA,NA,0.60613,28782000,FALSE
CLDND1,56650,NA,NA,NA,0.60522,54403000,FALSE
NECAP2,55707,NA,NA,NA,0.60255,96180000,FALSE
FBXW11,23291,NA,NA,NA,0.59907,177680000,FALSE
NUP107,57122,NA,NA,NA,0.58992,25463000,FALSE
VAC14,55697,NA,NA,NA,0.58798,83203000,FALSE
GIT2,9815,NA,NA,NA,0.58394,24014000,FALSE
DYNC1I2,1781,NA,NA,NA,0.58292,29379000,FALSE
PPP1R18,170954,NA,NA,NA,0.57452,2346800000,FALSE
ETFB,2109,NA,NA,NA,0.57396,51683000,FALSE
IPO8,10526,NA,NA,NA,0.56652,8042100,FALSE
NUP160,23279,NA,NA,NA,0.56602,27982000,FALSE
PA2G4,5036,NA,NA,NA,0.56524,138380000,FALSE
PSMD6,9861,NA,NA,NA,0.56011,63966000,FALSE
PSMC1,5700,NA,NA,NA,0.55703,47119000,FALSE
PSMC4,5704,NA,NA,NA,0.54955,88711000,FALSE
LMNB2,84823,NA,NA,NA,0.54152,190800000,FALSE
MYO5B,4645,NA,NA,NA,0.54104,17854000,FALSE
TPR,7175,NA,NA,NA,0.52507,60594000,FALSE
NUP35,129401,NA,NA,NA,0.50123,46776000,FALSE
ACTN4,81,NA,NA,NA,0.49388,27357000000,FALSE
CEP131,22994,NA,NA,NA,0.48802,51684000,FALSE
LSP1,4046,NA,NA,NA,0.48763,1837500000,FALSE
RDX,5962,NA,NA,NA,0.47144,74172000,FALSE
NUP205,23165,NA,NA,NA,0.46837,130740000,FALSE
SUPT16H,11198,NA,NA,NA,0.46653,16530000,FALSE
GIT1,28964,NA,NA,NA,0.4662,94986000,FALSE
HECTD3,79654,NA,NA,NA,0.45657,8070800,FALSE
MCCC2,64087,NA,NA,NA,0.45026,39514000,FALSE
SH3KBP1,30011,NA,NA,NA,0.44746,16961000,FALSE
NUP210,23225,NA,NA,NA,0.42791,197100000,FALSE
ALDH16A1,126133,NA,NA,NA,0.42412,133590000,FALSE