ensembl_gene_id,Mutu,U2932,GCBcells,N,entrezgene_id,external_gene_name
ENSG00000003402,0,0,1,1,8837,CFLAR
ENSG00000004478,0,0,1,1,2288,FKBP4
ENSG00000005810,0,0,1,1,23077,MYCBP2
ENSG00000007202,0,0,1,1,9703,KIAA0100
ENSG00000008018,0,0,1,1,5689,PSMB1
ENSG00000008988,1,0,1,2,6224,RPS20
ENSG00000009307,1,1,1,3,7812,CSDE1
ENSG00000009954,0,0,1,1,9031,BAZ1B
ENSG00000010292,1,0,1,2,9918,NCAPD2
ENSG00000011304,1,0,1,2,5725,PTBP1
ENSG00000013306,0,0,1,1,51629,SLC25A39
ENSG00000014641,1,1,1,3,4190,MDH1
ENSG00000019582,1,1,1,3,972,CD74
ENSG00000021355,0,0,1,1,1992,SERPINB1
ENSG00000022840,0,0,1,1,9921,RNF10
ENSG00000023228,0,0,1,1,4719,NDUFS1
ENSG00000023445,0,0,1,1,330,BIRC3
ENSG00000023734,0,0,1,1,11171,STRAP
ENSG00000025800,0,0,1,1,23633,KPNA6
ENSG00000026025,0,0,1,1,7431,VIM
ENSG00000028277,0,1,1,2,5452,POU2F2
ENSG00000034510,1,1,1,3,9168,TMSB10
ENSG00000036257,0,0,1,1,8452,CUL3
ENSG00000041357,1,1,1,3,5685,PSMA4
ENSG00000044574,0,0,1,1,3309,HSPA5
ENSG00000047315,0,0,1,1,5431,POLR2B
ENSG00000048828,0,0,1,1,23196,FAM120A
ENSG00000051108,0,1,1,2,9709,HERPUD1
ENSG00000054118,1,0,1,2,9967,THRAP3
ENSG00000055044,0,0,1,1,51602,NOP58
ENSG00000055917,1,0,1,2,23369,PUM2
ENSG00000057608,1,1,1,3,2665,GDI2
ENSG00000058804,1,0,1,2,55706,NDC1
ENSG00000060237,1,0,1,2,65125,WNK1
ENSG00000060982,1,0,1,2,586,BCAT1
ENSG00000062485,0,0,1,1,1431,CS
ENSG00000063177,1,1,1,3,6141,RPL18
ENSG00000063244,1,1,1,3,11338,U2AF2
ENSG00000065150,1,1,1,3,3843,IPO5
ENSG00000065548,0,0,1,1,55854,ZC3H15
ENSG00000065809,1,1,1,3,83641,FAM107B
ENSG00000065911,1,0,1,2,10797,MTHFD2
ENSG00000067064,0,0,1,1,3422,IDI1
ENSG00000067225,1,1,1,3,5315,PKM
ENSG00000067560,1,1,1,3,387,RHOA
ENSG00000068366,0,0,1,1,2182,ACSL4
ENSG00000069275,1,1,1,3,64710,NUCKS1
ENSG00000070756,1,1,1,3,26986,PABPC1
ENSG00000070814,0,0,1,1,6949,TCOF1
ENSG00000071054,1,0,1,2,9448,MAP4K4
ENSG00000071082,1,1,1,3,6160,RPL31
ENSG00000071127,0,0,1,1,9948,WDR1
ENSG00000071564,1,0,1,2,6929,TCF3
ENSG00000071626,1,0,1,2,26528,DAZAP1
ENSG00000072274,0,1,1,2,7037,TFRC
ENSG00000072501,0,0,1,1,8243,SMC1A
ENSG00000073111,0,0,1,1,4171,MCM2
ENSG00000073849,1,1,1,3,6480,ST6GAL1
ENSG00000074800,1,1,1,3,2023,ENO1
ENSG00000075415,1,1,1,3,5250,SLC25A3
ENSG00000075624,1,1,1,3,60,ACTB
ENSG00000075785,1,0,1,2,7879,RAB7A
ENSG00000076003,1,0,1,2,4175,MCM6
ENSG00000076108,0,0,1,1,11176,BAZ2A
ENSG00000077097,1,1,1,3,7155,TOP2B
ENSG00000078369,1,1,1,3,2782,GNB1
ENSG00000079246,0,1,1,2,7520,XRCC5
ENSG00000079459,1,1,1,3,2222,FDFT1
ENSG00000079785,0,0,1,1,1653,DDX1
ENSG00000080824,1,1,1,3,3320,HSP90AA1
ENSG00000081189,0,0,1,1,4208,MEF2C
ENSG00000081237,1,0,1,2,5788,PTPRC
ENSG00000081320,1,0,1,2,9262,STK17B
ENSG00000082212,0,0,1,1,4200,ME2
ENSG00000082898,1,1,1,3,7514,XPO1
ENSG00000083845,1,1,1,3,6193,RPS5
ENSG00000084070,1,0,1,2,64744,SMAP2
ENSG00000084090,1,1,1,3,56910,STARD7
ENSG00000084207,1,1,1,3,2950,GSTP1
ENSG00000084623,0,0,1,1,8668,EIF3I
ENSG00000084733,0,0,1,1,10890,RAB10
ENSG00000085415,0,0,1,1,81929,SEH1L
ENSG00000085719,0,0,1,1,8895,CPNE3
ENSG00000085832,0,0,1,1,2060,EPS15
ENSG00000086061,0,0,1,1,3301,DNAJA1
ENSG00000086062,0,0,1,1,2683,B4GALT1
ENSG00000086232,1,0,1,2,27102,EIF2AK1
ENSG00000086598,0,0,1,1,10959,TMED2
ENSG00000086758,0,0,1,1,10075,HUWE1
ENSG00000087088,0,0,1,1,581,BAX
ENSG00000087460,1,1,1,3,2778,GNAS
ENSG00000088205,0,0,1,1,8886,DDX18
ENSG00000088247,0,0,1,1,8570,KHSRP
ENSG00000088325,1,0,1,2,22974,TPX2
ENSG00000088832,0,0,1,1,2280,FKBP1A
ENSG00000089053,1,0,1,2,51433,ANAPC5
ENSG00000089157,1,1,1,3,6175,RPLP0
ENSG00000089280,1,1,1,3,2521,FUS
ENSG00000089693,0,0,1,1,8079,MLF2
ENSG00000089737,0,0,1,1,57062,DDX24
ENSG00000090060,1,0,1,2,10914,PAPOLA
ENSG00000090273,0,0,1,1,10726,NUDC
ENSG00000090487,1,0,1,2,51324,SPG21
ENSG00000090621,1,0,1,2,8761,PABPC4
ENSG00000091164,0,1,1,2,9352,TXNL1
ENSG00000091483,0,0,1,1,2271,FH
ENSG00000091527,1,1,1,3,55573,CDV3
ENSG00000091542,0,0,1,1,54890,ALKBH5
ENSG00000092199,1,0,1,2,3183,HNRNPC
ENSG00000092201,1,0,1,2,11198,SUPT16H
ENSG00000092820,1,1,1,3,7430,EZR
ENSG00000092964,0,0,1,1,1808,DPYSL2
ENSG00000094916,1,1,1,3,23468,CBX5
ENSG00000095139,0,0,1,1,372,ARCN1
ENSG00000095787,1,0,1,2,51322,WAC
ENSG00000096060,1,0,1,2,2289,FKBP5
ENSG00000096063,1,0,1,2,6732,SRPK1
ENSG00000096384,1,1,1,3,3326,HSP90AB1
ENSG00000096746,1,0,1,2,3189,HNRNPH3
ENSG00000099194,1,0,1,2,6319,SCD
ENSG00000099783,0,1,1,2,4670,HNRNPM
ENSG00000099875,1,1,1,3,2872,MKNK2
ENSG00000099901,1,0,1,2,5902,RANBP1
ENSG00000099995,0,0,1,1,10291,SF3A1
ENSG00000100028,1,0,1,2,6634,SNRPD3
ENSG00000100129,1,0,1,2,51386,EIF3L
ENSG00000100201,1,1,1,3,10521,DDX17
ENSG00000100243,0,0,1,1,1727,CYB5R3
ENSG00000100297,0,0,1,1,4174,MCM5
ENSG00000100316,1,1,1,3,6122,RPL3
ENSG00000100345,0,0,1,1,4627,MYH9
ENSG00000100353,0,0,1,1,8664,EIF3D
ENSG00000100385,0,0,1,1,3560,IL2RB
ENSG00000100567,0,0,1,1,5684,PSMA3
ENSG00000100591,0,0,1,1,10598,AHSA1
ENSG00000100632,1,1,1,3,2079,ERH
ENSG00000100644,0,0,1,1,3091,HIF1A
ENSG00000100664,0,0,1,1,1983,EIF5
ENSG00000100796,0,0,1,1,55671,PPP4R3A
ENSG00000100823,0,0,1,1,328,APEX1
ENSG00000100836,0,0,1,1,8106,PABPN1
ENSG00000100906,0,0,1,1,4792,NFKBIA
ENSG00000101057,1,0,1,2,4605,MYBL2
ENSG00000101109,1,0,1,2,6789,STK4
ENSG00000101166,0,0,1,1,51012,PRELID3B
ENSG00000101182,1,1,1,3,5688,PSMA7
ENSG00000101361,0,0,1,1,10528,NOP56
ENSG00000101444,1,0,1,2,191,AHCY
ENSG00000102054,1,1,1,3,5931,RBBP7
ENSG00000102096,1,0,1,2,11040,PIM2
ENSG00000102144,0,0,1,1,5230,PGK1
ENSG00000102245,0,0,1,1,959,CD40LG
ENSG00000102317,1,0,1,2,5935,RBM3
ENSG00000102572,1,0,1,2,8428,STK24
ENSG00000102879,1,0,1,2,11151,CORO1A
ENSG00000102962,0,0,1,1,6367,CCL22
ENSG00000103187,1,1,1,3,23406,COTL1
ENSG00000103257,1,1,1,3,8140,SLC7A5
ENSG00000103275,1,0,1,2,7329,UBE2I
ENSG00000103342,0,0,1,1,2935,GSPT1
ENSG00000103495,1,0,1,2,4150,MAZ
ENSG00000103522,0,0,1,1,50615,IL21R
ENSG00000103653,1,1,1,3,1445,CSK
ENSG00000104408,1,1,1,3,3646,EIF3E
ENSG00000104517,1,0,1,2,51366,UBR5
ENSG00000104687,0,0,1,1,2936,GSR
ENSG00000104738,0,1,1,2,4173,MCM4
ENSG00000104824,0,0,1,1,3191,HNRNPL
ENSG00000104904,1,1,1,3,4946,OAZ1
ENSG00000104964,1,0,1,2,166,TLE5
ENSG00000105063,0,0,1,1,22870,PPP6R1
ENSG00000105193,1,1,1,3,6217,RPS16
ENSG00000105202,1,0,1,2,2091,FBL
ENSG00000105220,0,1,1,2,2821,GPI
ENSG00000105281,1,1,1,3,6510,SLC1A5
ENSG00000105323,1,1,1,3,11100,HNRNPUL1
ENSG00000105329,0,0,1,1,7040,TGFB1
ENSG00000105372,1,1,1,3,6223,RPS19
ENSG00000105810,0,0,1,1,1021,CDK6
ENSG00000105887,1,1,1,3,136319,MTPN
ENSG00000105887,1,1,1,3,767558,MTPN
ENSG00000106028,0,0,1,1,6742,SSBP1
ENSG00000106105,1,1,1,3,2617,GARS1
ENSG00000106263,0,0,1,1,8662,EIF3B
ENSG00000106366,0,0,1,1,5054,SERPINE1
ENSG00000106462,0,0,1,1,2146,EZH2
ENSG00000106682,0,0,1,1,7458,EIF4H
ENSG00000106803,0,1,1,2,10952,SEC61B
ENSG00000106948,0,0,1,1,80709,AKNA
ENSG00000107581,1,0,1,2,8661,EIF3A
ENSG00000107929,0,0,1,1,23185,LARP4B
ENSG00000108107,1,1,1,3,6158,RPL28
ENSG00000108175,0,0,1,1,57178,ZMIZ1
ENSG00000108298,1,1,1,3,6143,RPL19
ENSG00000108344,0,0,1,1,5709,PSMD3
ENSG00000108424,1,1,1,3,3837,KPNB1
ENSG00000108518,1,1,1,3,5216,PFN1
ENSG00000108561,1,0,1,2,708,C1QBP
ENSG00000108639,0,1,1,2,9144,SYNGR2
ENSG00000108654,1,1,1,3,1655,DDX5
ENSG00000108671,0,0,1,1,5717,PSMD11
ENSG00000108819,1,0,1,2,84687,PPP1R9B
ENSG00000108946,1,0,1,2,5573,PRKAR1A
ENSG00000108953,1,1,1,3,7531,YWHAE
ENSG00000109332,1,1,1,3,7323,UBE2D3
ENSG00000109475,1,0,1,2,6164,RPL34
ENSG00000109606,1,0,1,2,1665,DHX15
ENSG00000109685,1,0,1,2,7468,NSD2
ENSG00000109919,0,1,1,2,23788,MTCH2
ENSG00000109971,1,0,1,2,3312,HSPA8
ENSG00000110075,0,0,1,1,55291,PPP6R3
ENSG00000110107,0,0,1,1,27339,PRPF19
ENSG00000110321,1,1,1,3,1982,EIF4G2
ENSG00000110367,1,1,1,3,1656,DDX6
ENSG00000110700,1,1,1,3,6207,RPS13
ENSG00000110777,1,1,1,3,5450,POU2AF1
ENSG00000110955,1,1,1,3,506,ATP5F1B
ENSG00000110958,1,0,1,2,10728,PTGES3
ENSG00000110987,1,0,1,2,605,BCL7A
ENSG00000111142,1,1,1,3,10988,METAP2
ENSG00000111348,1,1,1,3,397,ARHGDIB
ENSG00000111371,1,1,1,3,81539,SLC38A1
ENSG00000111530,0,0,1,1,55832,CAND1
ENSG00000111639,1,0,1,2,51258,MRPL51
ENSG00000111640,1,1,1,3,2597,GAPDH
ENSG00000111786,1,1,1,3,8683,SRSF9
ENSG00000112078,1,0,1,2,222658,KCTD20
ENSG00000112081,1,0,1,2,6428,SRSF3
ENSG00000112118,1,0,1,2,4172,MCM3
ENSG00000112306,1,0,1,2,6206,RPS12
ENSG00000112308,1,1,1,3,81688,C6orf62
ENSG00000112576,1,0,1,2,896,CCND3
ENSG00000113013,1,0,1,2,3313,HSPA9
ENSG00000113368,1,1,1,3,4001,LMNB1
ENSG00000113407,0,0,1,1,6897,TARS1
ENSG00000113441,1,0,1,2,4012,LNPEP
ENSG00000113575,0,0,1,1,5515,PPP2CA
ENSG00000113580,0,0,1,1,2908,NR3C1
ENSG00000113648,0,0,1,1,9555,MACROH2A1
ENSG00000113649,0,0,1,1,10915,TCERG1
ENSG00000113810,1,0,1,2,10051,SMC4
ENSG00000114353,1,0,1,2,2771,GNAI2
ENSG00000114686,0,0,1,1,11222,MRPL3
ENSG00000114867,0,1,1,2,1981,EIF4G1
ENSG00000114978,1,1,1,3,55233,MOB1A
ENSG00000115053,1,1,1,3,4691,NCL
ENSG00000115091,1,0,1,2,10096,ACTR3
ENSG00000115241,0,0,1,1,5496,PPM1G
ENSG00000115464,1,0,1,2,9736,USP34
ENSG00000115484,1,0,1,2,10575,CCT4
ENSG00000115524,0,0,1,1,23451,SF3B1
ENSG00000115677,0,0,1,1,3069,HDLBP
ENSG00000115758,1,1,1,3,4953,ODC1
ENSG00000115825,0,0,1,1,23683,PRKD3
ENSG00000115866,0,0,1,1,1615,DARS1
ENSG00000115875,1,0,1,2,6432,SRSF7
ENSG00000116062,1,0,1,2,2956,MSH6
ENSG00000116473,0,0,1,1,5906,RAP1A
ENSG00000116478,1,0,1,2,3065,HDAC1
ENSG00000116489,1,1,1,3,829,CAPZA1
ENSG00000116560,1,1,1,3,6421,SFPQ
ENSG00000116649,0,0,1,1,6723,SRM
ENSG00000116679,0,0,1,1,10625,IVNS1ABP
ENSG00000117362,1,1,1,3,51107,APH1A
ENSG00000117395,0,0,1,1,10969,EBNA1BP2
ENSG00000117450,1,1,1,3,5052,PRDX1
ENSG00000117505,1,0,1,2,1810,DR1
ENSG00000117523,1,0,1,2,23215,PRRC2C
ENSG00000117632,1,1,1,3,3925,STMN1
ENSG00000118308,1,1,1,3,4033,IRAG2
ENSG00000118515,0,0,1,1,6446,SGK1
ENSG00000118816,1,0,1,2,10983,CCNI
ENSG00000119048,0,0,1,1,7320,UBE2B
ENSG00000119285,0,0,1,1,55127,HEATR1
ENSG00000119318,1,1,1,3,5887,RAD23B
ENSG00000119335,1,1,1,3,6418,SET
ENSG00000119396,0,0,1,1,51552,RAB14
ENSG00000120063,1,0,1,2,10672,GNA13
ENSG00000120438,1,0,1,2,6950,TCP1
ENSG00000120685,0,0,1,1,80209,PROSER1
ENSG00000120694,0,0,1,1,10808,HSPH1
ENSG00000120727,1,0,1,2,51247,PAIP2
ENSG00000120802,1,0,1,2,7112,TMPO
ENSG00000121152,0,0,1,1,23397,NCAPH
ENSG00000121579,1,1,1,3,80218,NAA50
ENSG00000121774,1,1,1,3,10657,KHDRBS1
ENSG00000121892,1,0,1,2,23244,PDS5A
ENSG00000122406,1,1,1,3,6125,RPL5
ENSG00000122565,1,0,1,2,11335,CBX3
ENSG00000122566,1,1,1,3,3181,HNRNPA2B1
ENSG00000123374,0,0,1,1,1017,CDK2
ENSG00000123416,1,1,1,3,10376,TUBA1B
ENSG00000123505,0,0,1,1,262,AMD1
ENSG00000123562,0,0,1,1,9643,MORF4L2
ENSG00000123685,0,0,1,1,55509,BATF3
ENSG00000123975,1,0,1,2,1164,CKS2
ENSG00000124151,1,0,1,2,8202,NCOA3
ENSG00000124207,1,0,1,2,1434,CSE1L
ENSG00000124422,1,1,1,3,23326,USP22
ENSG00000124486,0,0,1,1,8239,USP9X
ENSG00000124635,1,0,1,2,8970,H2BC11
ENSG00000124789,0,0,1,1,9972,NUP153
ENSG00000124795,1,1,1,3,7913,DEK
ENSG00000124875,0,0,1,1,6372,CXCL6
ENSG00000125107,1,1,1,3,23019,CNOT1
ENSG00000125166,0,0,1,1,2806,GOT2
ENSG00000125354,0,0,1,1,23157,SEPTIN6
ENSG00000125691,1,0,1,2,9349,RPL23
ENSG00000125835,1,1,1,3,6628,SNRPB
ENSG00000125870,0,0,1,1,6629,SNRPB2
ENSG00000125944,1,0,1,2,10236,HNRNPR
ENSG00000125970,1,0,1,2,22913,RALY
ENSG00000126067,1,0,1,2,5690,PSMB2
ENSG00000126261,1,1,1,3,10054,UBA2
ENSG00000126267,1,0,1,2,1340,COX6B1
ENSG00000126432,1,0,1,2,25824,PRDX5
ENSG00000126457,0,0,1,1,3276,PRMT1
ENSG00000126602,0,0,1,1,10131,TRAP1
ENSG00000126777,0,0,1,1,3895,KTN1
ENSG00000126787,0,0,1,1,9787,DLGAP5
ENSG00000127022,1,1,1,3,821,CANX
ENSG00000127074,0,1,1,2,6003,RGS13
ENSG00000128050,1,1,1,3,10606,PAICS
ENSG00000128272,1,1,1,3,468,ATF4
ENSG00000128951,0,0,1,1,1854,DUT
ENSG00000128989,0,0,1,1,10776,ARPP19
ENSG00000129128,0,1,1,2,60559,SPCS3
ENSG00000129351,0,1,1,2,3609,ILF3
ENSG00000129657,1,0,1,2,6397,SEC14L1
ENSG00000130255,1,1,1,3,25873,RPL36
ENSG00000130520,1,0,1,2,25804,LSM4
ENSG00000130726,0,0,1,1,10155,TRIM28
ENSG00000130741,0,0,1,1,1968,EIF2S3
ENSG00000130779,0,0,1,1,6249,CLIP1
ENSG00000130816,0,0,1,1,1786,DNMT1
ENSG00000130985,0,0,1,1,7317,UBA1
ENSG00000131143,1,1,1,3,1327,COX4I1
ENSG00000131378,1,0,1,2,23180,RFTN1
ENSG00000131467,1,1,1,3,10197,PSME3
ENSG00000131469,1,0,1,2,6155,RPL27
ENSG00000131473,0,0,1,1,47,ACLY
ENSG00000131504,1,1,1,3,1729,DIAPH1
ENSG00000131747,1,0,1,2,7153,TOP2A
ENSG00000132341,1,1,1,3,5901,RAN
ENSG00000132388,1,1,1,3,7326,UBE2G1
ENSG00000132432,0,0,1,1,23480,SEC61G
ENSG00000132465,1,1,1,3,3512,JCHAIN
ENSG00000132475,1,0,1,2,3021,H3-3B
ENSG00000132507,1,1,1,3,1984,EIF5A
ENSG00000132646,1,1,1,3,5111,PCNA
ENSG00000132780,0,0,1,1,4678,NASP
ENSG00000132963,0,0,1,1,51371,POMP
ENSG00000133065,0,0,1,1,254428,SLC41A1
ENSG00000133112,1,1,1,3,7178,TPT1
ENSG00000133226,0,0,1,1,10250,SRRM1
ENSG00000133313,0,0,1,1,55748,CNDP2
ENSG00000133657,0,0,1,1,79572,ATP13A3
ENSG00000133789,1,1,1,3,23075,SWAP70
ENSG00000134001,0,0,1,1,1965,EIF2S1
ENSG00000134046,0,0,1,1,8932,MBD2
ENSG00000134057,0,0,1,1,891,CCNB1
ENSG00000134109,1,0,1,2,9695,EDEM1
ENSG00000134287,0,0,1,1,377,ARF3
ENSG00000134294,0,0,1,1,54407,SLC38A2
ENSG00000134308,1,0,1,2,10971,YWHAQ
ENSG00000134333,1,1,1,3,3939,LDHA
ENSG00000134440,0,1,1,2,4677,NARS1
ENSG00000134453,0,0,1,1,84991,RBM17
ENSG00000134684,1,0,1,2,8565,YARS1
ENSG00000134954,1,1,1,3,2113,ETS1
ENSG00000135069,0,0,1,1,29968,PSAT1
ENSG00000135316,1,0,1,2,10492,SYNCRIP
ENSG00000135387,0,0,1,1,4076,CAPRIN1
ENSG00000135446,1,1,1,3,1019,CDK4
ENSG00000135624,1,1,1,3,10574,CCT7
ENSG00000135679,1,0,1,2,4193,MDM2
ENSG00000135829,0,0,1,1,1660,DHX9
ENSG00000135932,0,0,1,1,51719,CAB39
ENSG00000135940,0,0,1,1,1329,COX5B
ENSG00000136167,1,1,1,3,3936,LCP1
ENSG00000136261,0,0,1,1,28969,BZW2
ENSG00000136485,0,0,1,1,10238,DCAF7
ENSG00000136527,0,1,1,2,6434,TRA2B
ENSG00000136628,1,0,1,2,2058,EPRS1
ENSG00000136758,0,0,1,1,10730,YME1L1
ENSG00000136810,0,0,1,1,7295,TXN
ENSG00000136824,0,0,1,1,10592,SMC2
ENSG00000136938,1,1,1,3,10541,ANP32B
ENSG00000136942,1,0,1,2,11224,RPL35
ENSG00000136950,0,0,1,1,81873,ARPC5L
ENSG00000137154,1,1,1,3,6194,RPS6
ENSG00000137265,0,0,1,1,3662,IRF4
ENSG00000137309,1,1,1,3,3159,HMGA1
ENSG00000137312,0,0,1,1,10211,FLOT1
ENSG00000137818,0,1,1,2,6176,RPLP1
ENSG00000138071,1,1,1,3,10097,ACTR2
ENSG00000138095,0,1,1,2,10128,LRPPRC
ENSG00000138326,1,1,1,3,6229,RPS24
ENSG00000138385,0,0,1,1,6741,SSB
ENSG00000138668,1,1,1,3,3184,HNRNPD
ENSG00000138757,1,0,1,2,9908,G3BP2
ENSG00000139514,1,1,1,3,6541,SLC7A1
ENSG00000139644,1,1,1,3,7009,TMBIM6
ENSG00000139697,0,0,1,1,55206,SBNO1
ENSG00000139842,0,0,1,1,8451,CUL4A
ENSG00000140105,1,0,1,2,7453,WARS1
ENSG00000140157,0,0,1,1,81614,NIPA2
ENSG00000140319,1,1,1,3,6727,SRP14
ENSG00000140350,1,0,1,2,8125,ANP32A
ENSG00000140575,0,0,1,1,8826,IQGAP1
ENSG00000140740,0,0,1,1,7385,UQCRC2
ENSG00000140968,1,0,1,2,3394,IRF8
ENSG00000141030,0,0,1,1,8533,COPS3
ENSG00000141076,0,0,1,1,84916,UTP4
ENSG00000141367,1,1,1,3,1213,CLTC
ENSG00000141429,0,0,1,1,2589,GALNT1
ENSG00000141510,0,0,1,1,7157,TP53
ENSG00000141522,0,0,1,1,396,ARHGDIA
ENSG00000141858,0,0,1,1,90378,SAMD1
ENSG00000142168,1,0,1,2,6647,SOD1
ENSG00000142534,1,1,1,3,6205,RPS11
ENSG00000142676,1,1,1,3,6135,RPL11
ENSG00000142864,0,1,1,2,26135,SERBP1
ENSG00000142937,1,1,1,3,6202,RPS8
ENSG00000143106,1,0,1,2,5686,PSMA5
ENSG00000143119,1,0,1,2,963,CD53
ENSG00000143321,1,0,1,2,3068,HDGF
ENSG00000143384,1,1,1,3,4170,MCL1
ENSG00000143384,1,1,1,3,574406,MCL1
ENSG00000143401,1,1,1,3,81611,ANP32E
ENSG00000143420,1,1,1,3,2029,ENSA
ENSG00000143569,0,0,1,1,9898,UBAP2L
ENSG00000143575,0,0,1,1,10456,HAX1
ENSG00000143612,0,0,1,1,25912,C1orf43
ENSG00000143614,0,0,1,1,57459,GATAD2B
ENSG00000143621,0,0,1,1,3608,ILF2
ENSG00000143761,1,0,1,2,375,ARF1
ENSG00000143799,1,1,1,3,142,PARP1
ENSG00000143815,1,1,1,3,3930,LBR
ENSG00000143870,1,1,1,3,10130,PDIA6
ENSG00000143933,1,0,1,2,805,CALM2
ENSG00000144381,1,1,1,3,3329,HSPD1
ENSG00000144580,0,0,1,1,9125,CNOT9
ENSG00000144713,1,0,1,2,6161,RPL32
ENSG00000145386,1,0,1,2,890,CCNA2
ENSG00000145592,1,0,1,2,6167,RPL37
ENSG00000145901,0,0,1,1,10318,TNIP1
ENSG00000145907,0,0,1,1,10146,G3BP1
ENSG00000146701,0,0,1,1,4191,MDH2
ENSG00000146731,0,0,1,1,908,CCT6A
ENSG00000147010,1,0,1,2,30011,SH3KBP1
ENSG00000147140,1,0,1,2,4841,NONO
ENSG00000147224,1,0,1,2,5631,PRPS1
ENSG00000147649,0,1,1,2,92140,MTDH
ENSG00000147677,1,0,1,2,8667,EIF3H
ENSG00000148773,0,0,1,1,4288,MKI67
ENSG00000149100,1,1,1,3,10480,EIF3M
ENSG00000149136,1,1,1,3,6749,SSRP1
ENSG00000149187,0,0,1,1,10658,CELF1
ENSG00000149273,1,1,1,3,6188,RPS3
ENSG00000149480,0,0,1,1,9219,MTA2
ENSG00000149806,1,1,1,3,2197,FAU
ENSG00000149968,0,0,1,1,4314,MMP3
ENSG00000150753,0,0,1,1,22948,CCT5
ENSG00000151465,0,0,1,1,8872,CDC123
ENSG00000151923,0,0,1,1,7073,TIAL1
ENSG00000152061,1,0,1,2,9910,RABGAP1L
ENSG00000152234,1,1,1,3,498,ATP5F1A
ENSG00000152558,1,0,1,2,114908,TMEM123
ENSG00000152601,1,1,1,3,4154,MBNL1
ENSG00000152795,1,0,1,2,9987,HNRNPDL
ENSG00000153147,0,0,1,1,8467,SMARCA5
ENSG00000153179,0,0,1,1,283349,RASSF3
ENSG00000153187,1,1,1,3,3192,HNRNPU
ENSG00000153310,0,0,1,1,51571,CYRIB
ENSG00000153560,0,0,1,1,7342,UBP1
ENSG00000153827,0,0,1,1,9320,TRIP12
ENSG00000154277,0,1,1,2,7345,UCHL1
ENSG00000154473,1,0,1,2,9184,BUB3
ENSG00000154518,1,1,1,3,518,ATP5MC3
ENSG00000154723,0,0,1,1,522,ATP5PF
ENSG00000154978,0,0,1,1,81552,VOPP1
ENSG00000155096,1,0,1,2,51582,AZIN1
ENSG00000155506,1,1,1,3,23367,LARP1
ENSG00000155660,0,0,1,1,9601,PDIA4
ENSG00000156030,0,0,1,1,91748,MIDEAS
ENSG00000156136,1,0,1,2,1633,DCK
ENSG00000156261,0,0,1,1,10694,CCT8
ENSG00000156482,1,1,1,3,6156,RPL30
ENSG00000156738,1,1,1,3,931,MS4A1
ENSG00000156860,0,0,1,1,64319,FBRS
ENSG00000156976,1,1,1,3,1974,EIF4A2
ENSG00000157456,0,0,1,1,9133,CCNB2
ENSG00000158373,1,0,1,2,3017,H2BC5
ENSG00000158406,1,1,1,3,8365,H4C8
ENSG00000158417,0,0,1,1,9669,EIF5B
ENSG00000158710,0,0,1,1,8407,TAGLN2
ENSG00000158985,1,0,1,2,56990,CDC42SE2
ENSG00000159131,0,0,1,1,2618,GART
ENSG00000159140,0,0,1,1,6651,SON
ENSG00000159692,1,0,1,2,1487,CTBP1
ENSG00000160014,1,1,1,3,808,CALM3
ENSG00000160075,1,0,1,2,29101,SSU72
ENSG00000160208,0,0,1,1,23076,RRP1B
ENSG00000160710,1,0,1,2,103,ADAR
ENSG00000161016,1,1,1,3,6132,RPL8
ENSG00000161203,0,0,1,1,1173,AP2M1
ENSG00000161405,0,0,1,1,22806,IKZF3
ENSG00000161547,0,0,1,1,6427,SRSF2
ENSG00000162511,1,1,1,3,7805,LAPTM5
ENSG00000162521,1,1,1,3,5928,RBBP4
ENSG00000162704,1,0,1,2,10092,ARPC5
ENSG00000163399,0,1,1,2,476,ATP1A1
ENSG00000163466,1,1,1,3,10109,ARPC2
ENSG00000163468,1,0,1,2,7203,CCT3
ENSG00000163565,1,0,1,2,3428,IFI16
ENSG00000163597,0,0,1,1,100507246,SNHG16
ENSG00000163605,0,0,1,1,151987,PPP4R2
ENSG00000163636,0,0,1,1,9861,PSMD6
ENSG00000163811,0,0,1,1,23160,WDR43
ENSG00000163931,1,0,1,2,7086,TKT
ENSG00000163938,0,0,1,1,26354,GNL3
ENSG00000164032,1,1,1,3,3015,H2AZ1
ENSG00000164091,0,0,1,1,80335,WDR82
ENSG00000164104,1,1,1,3,3148,HMGB2
ENSG00000164163,0,0,1,1,6059,ABCE1
ENSG00000164236,0,0,1,1,651746,ANKRD33B
ENSG00000164548,0,0,1,1,29896,TRA2A
ENSG00000164587,1,0,1,2,6208,RPS14
ENSG00000164754,1,0,1,2,5885,RAD21
ENSG00000164919,1,1,1,3,1345,COX6C
ENSG00000164924,0,0,1,1,7534,YWHAZ
ENSG00000165025,1,0,1,2,6850,SYK
ENSG00000165119,1,1,1,3,3190,HNRNPK
ENSG00000165280,0,0,1,1,7415,VCP
ENSG00000165283,0,0,1,1,30968,STOML2
ENSG00000165417,0,0,1,1,2957,GTF2A1
ENSG00000165502,0,0,1,1,6166,RPL36AL
ENSG00000165527,1,0,1,2,382,ARF6
ENSG00000165672,0,0,1,1,10935,PRDX3
ENSG00000165678,1,0,1,2,27069,GHITM
ENSG00000165732,0,0,1,1,9188,DDX21
ENSG00000166197,0,0,1,1,9221,NOLC1
ENSG00000166226,0,0,1,1,10576,CCT2
ENSG00000166441,0,0,1,1,6157,RPL27A
ENSG00000166483,0,0,1,1,7465,WEE1
ENSG00000166508,0,0,1,1,4176,MCM7
ENSG00000166562,0,1,1,2,90701,SEC11C
ENSG00000166598,1,1,1,3,7184,HSP90B1
ENSG00000166710,1,1,1,3,567,B2M
ENSG00000166851,0,0,1,1,5347,PLK1
ENSG00000166888,0,0,1,1,6778,STAT6
ENSG00000166913,1,0,1,2,7529,YWHAB
ENSG00000167005,0,0,1,1,11051,NUDT21
ENSG00000167325,1,1,1,3,6240,RRM1
ENSG00000167460,0,0,1,1,7171,TPM4
ENSG00000167491,1,0,1,2,54815,GATAD2A
ENSG00000167526,1,1,1,3,6137,RPL13
ENSG00000167553,0,0,1,1,84790,TUBA1C
ENSG00000167658,1,1,1,3,1938,EEF2
ENSG00000167978,1,0,1,2,23524,SRRM2
ENSG00000167986,0,0,1,1,1642,DDB1
ENSG00000168036,0,0,1,1,1499,CTNNB1
ENSG00000168066,1,1,1,3,7536,SF1
ENSG00000168298,0,1,1,2,3008,H1-4
ENSG00000168385,1,0,1,2,4735,SEPTIN2
ENSG00000168439,0,0,1,1,10963,STIP1
ENSG00000168488,1,0,1,2,11273,ATXN2L
ENSG00000168610,0,0,1,1,6774,STAT3
ENSG00000168906,1,0,1,2,4144,MAT2A
ENSG00000169045,1,1,1,3,3187,HNRNPH1
ENSG00000169136,1,1,1,3,22809,ATF5
ENSG00000169180,0,0,1,1,23214,XPO6
ENSG00000169429,0,0,1,1,3576,CXCL8
ENSG00000169499,0,0,1,1,59339,PLEKHA2
ENSG00000169504,1,1,1,3,25932,CLIC4
ENSG00000169564,0,0,1,1,5093,PCBP1
ENSG00000169567,0,1,1,2,3094,HINT1
ENSG00000169679,0,0,1,1,699,BUB1
ENSG00000169714,1,1,1,3,7555,CNBP
ENSG00000169813,1,1,1,3,3185,HNRNPF
ENSG00000169926,0,0,1,1,51621,KLF13
ENSG00000170027,1,1,1,3,7532,YWHAG
ENSG00000170312,1,0,1,2,983,CDK1
ENSG00000170315,0,0,1,1,7314,UBB
ENSG00000170606,1,0,1,2,3308,HSPA4
ENSG00000170759,0,0,1,1,3799,KIF5B
ENSG00000170889,1,0,1,2,6203,RPS9
ENSG00000171456,1,0,1,2,171023,ASXL1
ENSG00000171490,0,0,1,1,26156,RSL1D1
ENSG00000171858,1,1,1,3,6227,RPS21
ENSG00000172531,0,0,1,1,5499,PPP1CA
ENSG00000172534,0,0,1,1,3054,HCFC1
ENSG00000172578,0,0,1,1,89857,KLHL6
ENSG00000172757,1,1,1,3,1072,CFL1
ENSG00000172809,1,0,1,2,6169,RPL38
ENSG00000173020,1,0,1,2,156,GRK2
ENSG00000173473,1,0,1,2,6599,SMARCC1
ENSG00000173726,0,0,1,1,9804,TOMM20
ENSG00000173744,0,0,1,1,3267,AGFG1
ENSG00000173812,1,1,1,3,10209,EIF1
ENSG00000174231,0,1,1,2,10594,PRPF8
ENSG00000174444,1,1,1,3,6124,RPL4
ENSG00000175040,0,0,1,1,9435,CHST2
ENSG00000175061,1,1,1,3,125144,SNHG29
ENSG00000175130,1,1,1,3,65108,MARCKSL1
ENSG00000175216,1,0,1,2,9793,CKAP5
ENSG00000175792,0,0,1,1,8607,RUVBL1
ENSG00000176619,0,0,1,1,84823,LMNB2
ENSG00000176788,0,0,1,1,10409,BASP1
ENSG00000176890,0,0,1,1,7298,TYMS
ENSG00000177494,0,0,1,1,79413,ZBED2
ENSG00000177565,1,1,1,3,79718,TBL1XR1
ENSG00000177600,1,1,1,3,6181,RPLP2
ENSG00000177733,1,1,1,3,10949,HNRNPA0
ENSG00000177885,1,1,1,3,2885,GRB2
ENSG00000177889,0,0,1,1,7334,UBE2N
ENSG00000178035,1,0,1,2,3615,IMPDH2
ENSG00000178719,0,0,1,1,2907,GRINA
ENSG00000178741,1,0,1,2,9377,COX5A
ENSG00000178952,0,0,1,1,7284,TUFM
ENSG00000179051,1,0,1,2,55920,RCC2
ENSG00000179218,0,1,1,2,811,CALR
ENSG00000179262,1,0,1,2,5886,RAD23A
ENSG00000180353,1,0,1,2,3059,HCLS1
ENSG00000180596,1,0,1,2,8347,H2BC4
ENSG00000180817,1,0,1,2,5464,PPA1
ENSG00000181163,0,0,1,1,4869,NPM1
ENSG00000182199,1,0,1,2,6472,SHMT2
ENSG00000182899,1,1,1,3,6165,RPL35A
ENSG00000183684,0,0,1,1,10189,ALYREF
ENSG00000183741,0,0,1,1,23466,CBX6
ENSG00000184007,1,1,1,3,8073,PTP4A2
ENSG00000184009,1,1,1,3,71,ACTG1
ENSG00000184357,1,1,1,3,3009,H1-5
ENSG00000184432,0,0,1,1,9276,COPB2
ENSG00000184557,0,0,1,1,9021,SOCS3
ENSG00000184575,1,0,1,2,11260,XPOT
ENSG00000184640,1,1,1,3,10801,SEPTIN9
ENSG00000184840,0,0,1,1,54732,TMED9
ENSG00000185262,0,0,1,1,283991,UBALD2
ENSG00000185650,0,0,1,1,677,ZFP36L1
ENSG00000185811,0,0,1,1,10320,IKZF1
ENSG00000186187,0,0,1,1,84937,ZNRF1
ENSG00000186298,1,1,1,3,5501,PPP1CC
ENSG00000186432,0,0,1,1,3840,KPNA4
ENSG00000186468,1,0,1,2,6228,RPS23
ENSG00000186480,1,1,1,3,3638,INSIG1
ENSG00000187109,1,1,1,3,4673,NAP1L1
ENSG00000187239,0,1,1,2,23048,FNBP1
ENSG00000187514,0,0,1,1,5757,PTMA
ENSG00000187555,1,0,1,2,7874,USP7
ENSG00000187837,1,0,1,2,3006,H1-2
ENSG00000188486,1,0,1,2,3014,H2AX
ENSG00000188846,1,1,1,3,9045,RPL14
ENSG00000189091,1,0,1,2,23450,SF3B3
ENSG00000196092,1,0,1,2,5079,PAX5
ENSG00000196230,1,0,1,2,203068,TUBB
ENSG00000196305,0,0,1,1,3376,IARS1
ENSG00000196396,0,0,1,1,5770,PTPN1
ENSG00000196419,1,0,1,2,2547,XRCC6
ENSG00000196531,1,0,1,2,4666,NACA
ENSG00000196611,0,0,1,1,4312,MMP1
ENSG00000196628,0,1,1,2,6925,TCF4
ENSG00000196821,0,0,1,1,64771,ILRUN
ENSG00000196924,0,0,1,1,2316,FLNA
ENSG00000197061,1,1,1,3,8364,H4C3
ENSG00000197102,0,0,1,1,1778,DYNC1H1
ENSG00000197111,1,0,1,2,5094,PCBP2
ENSG00000197386,0,0,1,1,3064,HTT
ENSG00000197451,1,1,1,3,3182,HNRNPAB
ENSG00000197622,0,0,1,1,56882,CDC42SE1
ENSG00000197756,1,1,1,3,6168,RPL37A
ENSG00000197771,0,0,1,1,79892,MCMBP
ENSG00000198034,1,1,1,3,6191,RPS4X
ENSG00000198176,1,1,1,3,7027,TFDP1
ENSG00000198431,0,0,1,1,7296,TXNRD1
ENSG00000198586,0,0,1,1,9874,TLK1
ENSG00000198668,1,0,1,2,801,CALM1
ENSG00000198695,1,0,1,2,4541,MT-ND6
ENSG00000198727,1,0,1,2,4519,MT-CYB
ENSG00000198786,1,1,1,3,4540,MT-ND5
ENSG00000198804,1,1,1,3,4512,MT-CO1
ENSG00000198858,1,0,1,2,91300,R3HDM4
ENSG00000198886,1,1,1,3,4538,MT-ND4
ENSG00000198900,1,0,1,2,7150,TOP1
ENSG00000198938,1,1,1,3,4514,MT-CO3
ENSG00000204287,1,0,1,2,3122,HLA-DRA
ENSG00000204394,0,0,1,1,7407,VARS1
ENSG00000204469,1,1,1,3,7916,PRRC2A
ENSG00000204628,1,1,1,3,10399,RACK1
ENSG00000205339,0,0,1,1,10527,IPO7
ENSG00000205531,0,0,1,1,4676,NAP1L4
ENSG00000210082,1,1,1,3,NA,MT-RNR2
ENSG00000211459,1,1,1,3,NA,MT-RNR1
ENSG00000211592,1,1,1,3,NA,IGKC
ENSG00000211899,1,1,1,3,NA,IGHM
ENSG00000213064,0,0,1,1,375035,SFT2D2
ENSG00000213585,1,0,1,2,7416,VDAC1
ENSG00000213639,1,1,1,3,5500,PPP1CB
ENSG00000213719,0,0,1,1,1192,CLIC1
ENSG00000213741,0,0,1,1,6235,RPS29
ENSG00000215021,1,0,1,2,11331,PHB2
ENSG00000215301,1,0,1,2,1654,DDX3X
ENSG00000221823,0,0,1,1,5534,PPP3R1
ENSG00000221983,1,1,1,3,7311,UBA52
ENSG00000226950,0,1,1,2,57291,DANCR
ENSG00000231389,1,0,1,2,3113,HLA-DPA1
ENSG00000234745,1,0,1,2,3106,HLA-B
ENSG00000241553,0,0,1,1,10093,ARPC4
ENSG00000245532,1,0,1,2,283131,NEAT1
ENSG00000251562,1,1,1,3,378938,MALAT1
ENSG00000253729,1,1,1,3,5591,PRKDC
ENSG00000254087,0,0,1,1,4067,LYN
ENSG00000257103,1,0,1,2,26065,LSM14A
ENSG00000260032,1,0,1,2,647979,NORAD
ENSG00000264364,1,0,1,2,140735,DYNLL2
ENSG00000270647,1,1,1,3,8148,TAF15
ENSG00000273802,0,0,1,1,8339,H2BC8
ENSG00000273983,1,0,1,2,8355,H3C8
ENSG00000274267,1,0,1,2,NA,NA
ENSG00000274618,0,0,1,1,8361,H4C6
ENSG00000276966,0,0,1,1,8367,H4C5
ENSG00000277075,0,0,1,1,3012,H2AC8
ENSG00000278272,0,0,1,1,NA,NA
ENSG00000278705,1,1,1,3,8366,H4C2
ENSG00000278828,1,0,1,2,8357,H3C10
ENSG00000004468,1,0,0,1,952,CD38
ENSG00000005059,1,0,0,1,55013,MCUB
ENSG00000005249,1,0,0,1,5577,PRKAR2B
ENSG00000007312,1,0,0,1,974,CD79B
ENSG00000010671,1,0,0,1,695,BTK
ENSG00000015133,1,0,0,1,440193,CCDC88C
ENSG00000034713,1,0,0,1,11345,GABARAPL2
ENSG00000054654,1,1,0,2,23224,SYNE2
ENSG00000061337,1,0,0,1,11178,LZTS1
ENSG00000062194,1,0,0,1,65056,GPBP1
ENSG00000063046,1,1,0,2,1975,EIF4B
ENSG00000064666,1,0,0,1,1265,CNN2
ENSG00000065882,1,1,0,2,23216,TBC1D1
ENSG00000069849,1,0,0,1,483,ATP1B3
ENSG00000076513,1,1,0,2,88455,ANKRD13A
ENSG00000076554,1,0,0,1,7163,TPD52
ENSG00000077152,1,0,0,1,29089,UBE2T
ENSG00000077238,1,0,0,1,3566,IL4R
ENSG00000077420,1,0,0,1,54518,APBB1IP
ENSG00000078304,1,0,0,1,5527,PPP2R5C
ENSG00000090266,1,0,0,1,4708,NDUFB2
ENSG00000091490,1,1,0,2,23231,SEL1L3
ENSG00000099956,1,1,0,2,6598,SMARCB1
ENSG00000100219,1,0,0,1,7494,XBP1
ENSG00000100526,1,0,0,1,1033,CDKN3
ENSG00000100650,1,0,0,1,6430,SRSF5
ENSG00000100721,1,1,0,2,8115,TCL1A
ENSG00000100749,1,0,0,1,7443,VRK1
ENSG00000100811,1,0,0,1,7528,YY1
ENSG00000101126,1,0,0,1,23394,ADNP
ENSG00000101193,1,0,0,1,54994,GID8
ENSG00000101224,1,0,0,1,994,CDC25B
ENSG00000101266,1,0,0,1,1457,CSNK2A1
ENSG00000101367,1,0,0,1,22919,MAPRE1
ENSG00000101972,1,0,0,1,10735,STAG2
ENSG00000102445,1,0,0,1,80183,RUBCNL
ENSG00000102760,1,0,0,1,28984,RGCC
ENSG00000102931,1,0,0,1,23568,ARL2BP
ENSG00000102974,1,0,0,1,10664,CTCF
ENSG00000103202,1,0,0,1,4833,NME4
ENSG00000103365,1,0,0,1,23062,GGA2
ENSG00000104164,1,0,0,1,26258,BLOC1S6
ENSG00000104894,1,0,0,1,951,CD37
ENSG00000105011,1,0,0,1,55723,ASF1B
ENSG00000105369,1,1,0,2,973,CD79A
ENSG00000105968,1,1,0,2,94239,H2AZ2
ENSG00000106723,1,0,0,1,10927,SPIN1
ENSG00000107263,1,0,0,1,2889,RAPGEF1
ENSG00000110651,1,0,0,1,975,CD81
ENSG00000111412,1,0,0,1,79794,SPRING1
ENSG00000111540,1,0,0,1,5869,RAB5B
ENSG00000111605,1,0,0,1,11052,CPSF6
ENSG00000112182,1,0,0,1,60468,BACH2
ENSG00000112294,1,0,0,1,7915,ALDH5A1
ENSG00000112695,1,0,0,1,1347,COX7A2
ENSG00000114126,1,0,0,1,7029,TFDP2
ENSG00000115935,1,0,0,1,7456,WIPF1
ENSG00000115944,1,0,0,1,9167,COX7A2L
ENSG00000117016,1,0,0,1,9783,RIMS3
ENSG00000117054,1,1,0,2,34,ACADM
ENSG00000117713,1,0,0,1,8289,ARID1A
ENSG00000118482,1,0,0,1,23469,PHF3
ENSG00000118705,1,0,0,1,6185,RPN2
ENSG00000120690,1,0,0,1,1997,ELF1
ENSG00000121210,1,0,0,1,23240,TMEM131L
ENSG00000121644,1,0,0,1,51029,DESI2
ENSG00000121966,1,0,0,1,7852,CXCR4
ENSG00000124214,1,0,0,1,6780,STAU1
ENSG00000125534,1,0,0,1,79144,PPDPF
ENSG00000125952,1,0,0,1,4149,MAX
ENSG00000126821,1,0,0,1,81537,SGPP1
ENSG00000127616,1,0,0,1,6597,SMARCA4
ENSG00000129353,1,0,0,1,57153,SLC44A2
ENSG00000130522,1,0,0,1,3727,JUND
ENSG00000130638,1,0,0,1,25814,ATXN10
ENSG00000130723,1,0,0,1,NA,NA
ENSG00000130755,1,0,0,1,9535,GMFG
ENSG00000131051,1,0,0,1,9584,RBM39
ENSG00000131508,1,0,0,1,7322,UBE2D2
ENSG00000132383,1,0,0,1,6117,RPA1
ENSG00000132819,1,0,0,1,55544,RBM38
ENSG00000133639,1,0,0,1,694,BTG1
ENSG00000133706,1,0,0,1,51520,LARS1
ENSG00000133740,1,0,0,1,1875,E2F5
ENSG00000134086,1,0,0,1,7428,VHL
ENSG00000134248,1,0,0,1,10542,LAMTOR5
ENSG00000135018,1,0,0,1,29979,UBQLN1
ENSG00000135116,1,0,0,1,8739,HRK
ENSG00000136104,1,0,0,1,79621,RNASEH2B
ENSG00000136754,1,0,0,1,10006,ABI1
ENSG00000136888,1,0,0,1,9550,ATP6V1G1
ENSG00000137393,1,0,0,1,255488,RNF144B
ENSG00000138801,1,0,0,1,9061,PAPSS1
ENSG00000139651,1,0,0,1,283337,ZNF740
ENSG00000141867,1,0,0,1,23476,BRD4
ENSG00000142599,1,0,0,1,473,RERE
ENSG00000143013,1,0,0,1,8543,LMO4
ENSG00000143418,1,0,0,1,29956,CERS2
ENSG00000145287,1,0,0,1,51316,PLAC8
ENSG00000145349,1,0,0,1,817,CAMK2D
ENSG00000146083,1,0,0,1,22838,RNF44
ENSG00000146094,1,0,0,1,79930,DOK3
ENSG00000148730,1,0,0,1,1979,EIF4EBP2
ENSG00000149418,1,0,0,1,6768,ST14
ENSG00000149547,1,0,0,1,9538,EI24
ENSG00000150093,1,0,0,1,3688,ITGB1
ENSG00000150593,1,0,0,1,27250,PDCD4
ENSG00000152942,1,0,0,1,5884,RAD17
ENSG00000153561,1,0,0,1,64795,RMND5A
ENSG00000153574,1,0,0,1,22934,RPIA
ENSG00000153944,1,1,0,2,124540,MSI2
ENSG00000154319,1,0,0,1,83648,FAM167A
ENSG00000155368,1,0,0,1,1622,DBI
ENSG00000156467,1,0,0,1,7381,UQCRB
ENSG00000158669,1,0,0,1,137964,GPAT4
ENSG00000159128,1,0,0,1,3460,IFNGR2
ENSG00000159388,1,0,0,1,7832,BTG2
ENSG00000159461,1,1,0,2,267,AMFR
ENSG00000159958,1,0,0,1,115650,TNFRSF13C
ENSG00000160991,1,0,0,1,80228,ORAI2
ENSG00000162408,1,0,0,1,79707,NOL9
ENSG00000162434,1,0,0,1,3716,JAK1
ENSG00000162607,1,1,0,2,7398,USP1
ENSG00000163257,1,0,0,1,54876,DCAF16
ENSG00000163683,1,0,0,1,201895,SMIM14
ENSG00000163781,1,0,0,1,11073,TOPBP1
ENSG00000163918,1,0,0,1,5984,RFC4
ENSG00000163950,1,0,0,1,7884,SLBP
ENSG00000164054,1,0,0,1,51246,SHISA5
ENSG00000164109,1,0,0,1,4085,MAD2L1
ENSG00000164938,1,0,0,1,94241,TP53INP1
ENSG00000164985,1,0,0,1,11168,PSIP1
ENSG00000165175,1,0,0,1,58526,MID1IP1
ENSG00000165209,1,0,0,1,55342,STRBP
ENSG00000165629,1,0,0,1,509,ATP5F1C
ENSG00000165704,1,0,0,1,3251,HPRT1
ENSG00000166501,1,0,0,1,5579,PRKCB
ENSG00000166902,1,0,0,1,54948,MRPL16
ENSG00000167470,1,0,0,1,90007,MIDN
ENSG00000168078,1,0,0,1,55872,PBK
ENSG00000168137,1,0,0,1,55209,SETD5
ENSG00000168159,1,0,0,1,149603,RNF187
ENSG00000168421,1,0,0,1,399,RHOH
ENSG00000168734,1,0,0,1,11142,PKIG
ENSG00000170142,1,0,0,1,7324,UBE2E1
ENSG00000171530,1,0,0,1,6902,TBCA
ENSG00000171552,1,0,0,1,598,BCL2L1
ENSG00000171603,1,0,0,1,22883,CLSTN1
ENSG00000172071,1,0,0,1,9451,EIF2AK3
ENSG00000174437,1,0,0,1,488,ATP2A2
ENSG00000174500,1,0,0,1,257144,GCSAM
ENSG00000174748,1,0,0,1,6138,RPL15
ENSG00000175063,1,0,0,1,11065,UBE2C
ENSG00000175567,1,0,0,1,7351,UCP2
ENSG00000176533,1,0,0,1,2788,GNG7
ENSG00000178927,1,0,0,1,79415,CYBC1
ENSG00000179010,1,0,0,1,93621,MRFAP1
ENSG00000183624,1,0,0,1,56941,HMCES
ENSG00000184897,1,0,0,1,8971,H1-10
ENSG00000184900,1,0,0,1,6612,SUMO3
ENSG00000184992,1,1,0,2,140707,BRI3BP
ENSG00000187764,1,0,0,1,10507,SEMA4D
ENSG00000189233,1,0,0,1,389643,NUGGC
ENSG00000196549,1,0,0,1,4311,MME
ENSG00000197256,1,0,0,1,25959,KANK2
ENSG00000197746,1,0,0,1,5660,PSAP
ENSG00000198408,1,0,0,1,10724,OGA
ENSG00000198625,1,0,0,1,4194,MDM4
ENSG00000198712,1,0,0,1,4513,MT-CO2
ENSG00000198755,1,0,0,1,4736,RPL10A
ENSG00000198763,1,0,0,1,4536,MT-ND2
ENSG00000198771,1,0,0,1,92241,RCSD1
ENSG00000198833,1,1,0,2,51465,UBE2J1
ENSG00000198888,1,0,0,1,4535,MT-ND1
ENSG00000198899,1,0,0,1,4508,MT-ATP6
ENSG00000198911,1,1,0,2,6721,SREBF2
ENSG00000204525,1,0,0,1,3107,HLA-C
ENSG00000205937,1,0,0,1,10921,RNPS1
ENSG00000209082,1,0,0,1,NA,MT-TL1
ENSG00000213923,1,0,0,1,1454,CSNK1E
ENSG00000227507,1,0,0,1,4050,LTB
ENSG00000231500,1,0,0,1,6222,RPS18
ENSG00000235750,1,0,0,1,9674,KIAA0040
ENSG00000245910,1,0,0,1,641638,SNHG6
ENSG00000265206,1,0,0,1,NA,
ENSG00000267534,1,0,0,1,9294,S1PR2
ENSG00000281649,1,0,0,1,100506710,EBLN3P
ENSG00000055163,0,1,0,1,26999,CYFIP2
ENSG00000074695,0,1,0,1,3998,LMAN1
ENSG00000075239,0,1,0,1,38,ACAT1
ENSG00000081913,0,1,0,1,23239,PHLPP1
ENSG00000083937,0,1,0,1,25978,CHMP2B
ENSG00000087086,0,1,0,1,2512,FTL
ENSG00000104549,0,1,0,1,6713,SQLE
ENSG00000112149,0,1,0,1,9308,CD83
ENSG00000114850,0,1,0,1,6747,SSR3
ENSG00000115956,0,1,0,1,5341,PLEK
ENSG00000116288,0,1,0,1,11315,PARK7
ENSG00000118680,0,1,0,1,103910,MYL12B
ENSG00000119541,0,1,0,1,9525,VPS4B
ENSG00000120742,0,1,0,1,27230,SERP1
ENSG00000122068,0,1,0,1,84248,FYTTD1
ENSG00000132185,0,1,0,1,84824,FCRLA
ENSG00000134444,0,1,0,1,57614,RELCH
ENSG00000137642,0,1,0,1,6653,SORL1
ENSG00000140374,0,1,0,1,2108,ETFA
ENSG00000141380,0,1,0,1,6760,SS18
ENSG00000141384,0,1,0,1,6875,TAF4B
ENSG00000141682,0,1,0,1,5366,PMAIP1
ENSG00000143158,0,1,0,1,25874,MPC2
ENSG00000147324,0,1,0,1,9258,MFHAS1
ENSG00000149428,0,1,0,1,10525,HYOU1
ENSG00000150768,0,1,0,1,1737,DLAT
ENSG00000157483,0,1,0,1,4643,MYO1E
ENSG00000162144,0,1,0,1,220002,CYB561A3
ENSG00000163125,0,1,0,1,23248,RPRD2
ENSG00000163320,0,1,0,1,8545,CGGBP1
ENSG00000164649,0,1,0,1,55536,CDCA7L
ENSG00000167468,0,1,0,1,2879,GPX4
ENSG00000170542,0,1,0,1,5272,SERPINB9
ENSG00000170558,0,1,0,1,1000,CDH2
ENSG00000171766,0,1,0,1,2628,GATM
ENSG00000171791,0,1,0,1,596,BCL2
ENSG00000172795,0,1,0,1,167227,DCP2
ENSG00000175166,0,1,0,1,5708,PSMD2
ENSG00000175387,0,1,0,1,4087,SMAD2
ENSG00000184203,0,1,0,1,5504,PPP1R2
ENSG00000184990,0,1,0,1,10572,SIVA1
ENSG00000185624,0,1,0,1,5034,P4HB
ENSG00000197006,0,1,0,1,51108,METTL9
ENSG00000197563,0,1,0,1,23556,PIGN
ENSG00000198258,0,1,0,1,59286,UBL5
ENSG00000204256,0,1,0,1,6046,BRD2
ENSG00000266472,0,1,0,1,54460,MRPS21
