GENEID,seqnames,start,end,SAMPLE,QUAL,FILTER,REF,varAllele,ensembl_transcript,CONSEQUENCE,REFCODON,VARCODON,REFAA,VARAA,CDSLOC.start,CDSLOC.end,PROTEINLOC,depthREF,depthALT,ID,whiteList,DepthFrac,Helicase,Valid,Consequence
ENSG00000215301.10,chrX,41342631,41342633,SRR8512995,49.73,PASS,CCA,C,ENST00000644876.1,frameshift,CCA,C,NA,NA,421,423,141,13,3,4,TRUE,0.1875,FALSE,TRUE,NA
ENSG00000215301.10,chrX,41343338,41343340,SRR8512998,73.73,PASS,TTG,T,ENST00000644876.1,frameshift,GCTTGT,GCTT,NA,NA,666,668,222,5,3,10,TRUE,0.375,TRUE,TRUE,NA
ENSG00000215301.10,chrX,41347415,41347415,SRR8512998,45.77,PASS,G,A,ENST00000644876.1,nonsynonymous,GGA,AGA,G,R,1873,1873,625,10,3,12,FALSE,0.23076923076923078,FALSE,FALSE,NA
ENSG00000215301.10,chrX,41346946,41346946,SRR8513035,2890.77,PASS,C,T,ENST00000644876.1,nonsynonymous,CCG,CTG,P,L,1703,1703,568,117,86,15,TRUE,0.4236453201970443,TRUE,TRUE,NA
ENSG00000215301.10,chrX,41346375,41346375,SRR8513052,8273.77,PASS,C,T,ENST00000644876.1,nonsynonymous,CGC,TGC,R,C,1462,1462,488,50,223,16,TRUE,0.8168498168498168,TRUE,TRUE,NA
ENSG00000215301.10,chrX,41347674,41347674,SRR8513061,48.77,PASS,T,C,ENST00000644876.1,synonymous,TAT,TAC,Y,Y,1944,1944,648,20,4,17,FALSE,0.16666666666666666,FALSE,FALSE,NA
ENSG00000215301.10,chrX,41342597,41342597,SRR8513072,162.78,PASS,C,T,ENST00000644876.1,synonymous,GAC,GAT,D,D,387,387,129,1,5,18,FALSE,0.8333333333333334,FALSE,FALSE,NA
ENSG00000215301.10,chrX,41342629,41342629,SRR8513072,128.77,PASS,T,C,ENST00000644876.1,nonsynonymous,CTC,CCC,L,P,419,419,140,5,5,19,FALSE,0.5,FALSE,FALSE,NA
ENSG00000215301.10,chrX,41342760,41342760,SRR8513072,134.77,PASS,C,T,ENST00000644876.1,nonsynonymous,ACT,ATT,T,I,467,467,156,9,5,20,FALSE,0.35714285714285715,FALSE,FALSE,NA
ENSG00000215301.10,chrX,41343800,41343800,SRR8513072,22.79,PASS,G,A,ENST00000644876.1,nonsynonymous,GGC,GAC,G,D,743,743,248,6,2,21,FALSE,0.25,TRUE,TRUE,NA
ENSG00000215301.10,chrX,41343816,41343816,SRR8513072,119.77,PASS,C,T,ENST00000644876.1,synonymous,GCC,GCT,A,A,759,759,253,2,4,22,FALSE,0.6666666666666666,TRUE,TRUE,NA
ENSG00000215301.10,chrX,41345222,41345222,SRR8513072,66.77,PASS,G,T,ENST00000644876.1,synonymous,GGG,GGT,G,G,1068,1068,356,8,3,23,FALSE,0.2727272727272727,TRUE,TRUE,NA
ENSG00000215301.10,chrX,41345310,41345310,SRR8513072,95.77,PASS,C,T,ENST00000644876.1,nonsynonymous,CCT,TCT,P,S,1156,1156,386,14,5,24,FALSE,0.2631578947368421,TRUE,TRUE,NA
ENSG00000215301.10,chrX,41345470,41345470,SRR8513072,262.77,PASS,G,A,ENST00000644876.1,nonsynonymous,GAA,AAA,E,K,1237,1237,413,39,10,26,FALSE,0.20408163265306123,FALSE,FALSE,NA
ENSG00000215301.10,chrX,41345515,41345515,SRR8513072,192.77,PASS,C,T,ENST00000644876.1,nonsynonymous,CGG,TGG,R,W,1282,1282,428,18,7,27,FALSE,0.28,TRUE,TRUE,NA
ENSG00000215301.10,chrX,41346946,41346946,SRR8513072,44.77,PASS,C,T,ENST00000644876.1,nonsynonymous,CCG,CTG,P,L,1703,1703,568,14,3,33,TRUE,0.17647058823529413,TRUE,FALSE,NA
ENSG00000215301.10,chrX,41346995,41346995,SRR8513072,34.77,PASS,T,C,ENST00000644876.1,synonymous,AGT,AGC,S,S,1752,1752,584,7,2,34,FALSE,0.2222222222222222,FALSE,FALSE,NA
ENSG00000215301.10,chrX,41347662,41347662,SRR8513072,43.77,PASS,C,T,ENST00000644876.1,synonymous,AAC,AAT,N,N,1932,1932,644,5,4,35,FALSE,0.4444444444444444,FALSE,FALSE,NA
ENSG00000215301.10,chrX,41346911,41346911,SRR8513073,116.78,PASS,G,T,ENST00000644876.1,nonsynonymous,TTG,TTT,L,F,1668,1668,556,1,4,39,FALSE,0.8,TRUE,TRUE,NA
ENSG00000215301.10,chrX,41346870,41346870,SRR8513076,13025.77,PASS,T,C,ENST00000644876.1,nonsynonymous,TCA,CCA,S,P,1627,1627,543,100,350,40,FALSE,0.7777777777777778,TRUE,TRUE,NA
ENSG00000215301.10,chrX,41342634,41342634,SRR8513081,81.77,PASS,C,T,ENST00000644876.1,nonsynonymous,CCA,TCA,P,S,424,424,142,14,4,41,FALSE,0.2222222222222222,FALSE,FALSE,NA
ENSG00000215301.10,chrX,41343335,41343335,SRR8513081,111.77,PASS,G,T,ENST00000644876.1,nonsynonymous,ATG,ATT,M,I,663,663,221,5,4,42,FALSE,0.4444444444444444,TRUE,TRUE,NA
ENSG00000215301.10,chrX,41339056,41339056,SRR8513082,66.77,PASS,C,T,ENST00000644876.1,nonsynonymous,CAT,TAT,H,Y,124,124,42,7,3,45,FALSE,0.3,FALSE,FALSE,NA
ENSG00000215301.10,chrX,41342546,41342546,SRR8513082,155.77,PASS,C,T,ENST00000644876.1,synonymous,GAC,GAT,D,D,336,336,112,4,5,47,FALSE,0.5555555555555556,FALSE,FALSE,NA
ENSG00000215301.10,chrX,41342586,41342586,SRR8513082,34.77,PASS,C,T,ENST00000644876.1,nonsynonymous,CGC,TGC,R,C,376,376,126,5,2,48,FALSE,0.2857142857142857,FALSE,FALSE,NA
ENSG00000215301.10,chrX,41343763,41343763,SRR8513082,444.77,PASS,T,C,ENST00000644876.1,synonymous,TTG,CTG,L,L,706,706,236,18,16,52,FALSE,0.47058823529411764,TRUE,TRUE,NA
ENSG00000215301.10,chrX,41344117,41344117,SRR8513082,30.77,PASS,G,C,ENST00000644876.1,nonsynonymous,GAA,CAA,E,Q,853,853,285,8,3,53,FALSE,0.2727272727272727,TRUE,TRUE,NA
ENSG00000215301.10,chrX,41345229,41345229,SRR8513082,254.77,PASS,C,T,ENST00000644876.1,nonsynonymous,CCT,TCT,P,S,1075,1075,359,22,9,55,FALSE,0.2903225806451613,TRUE,TRUE,NA
ENSG00000215301.10,chrX,41345268,41345268,SRR8513082,138.77,PASS,C,T,ENST00000644876.1,nonsynonymous,CCA,TCA,P,S,1114,1114,372,23,6,57,FALSE,0.20689655172413793,TRUE,TRUE,NA
ENSG00000215301.10,chrX,41345302,41345302,SRR8513082,70.77,PASS,C,T,ENST00000644876.1,nonsynonymous,GCT,GTT,A,V,1148,1148,383,20,4,58,FALSE,0.16666666666666666,TRUE,FALSE,NA
ENSG00000215301.10,chrX,41345310,41345310,SRR8513082,72.77,PASS,C,T,ENST00000644876.1,nonsynonymous,CCT,TCT,P,S,1156,1156,386,19,4,59,FALSE,0.17391304347826086,TRUE,FALSE,NA
ENSG00000215301.10,chrX,41346366,41346366,SRR8513082,115.77,PASS,C,T,ENST00000644876.1,nonsynonymous,CAC,TAC,H,Y,1453,1453,485,5,4,62,FALSE,0.4444444444444444,TRUE,TRUE,NA
ENSG00000215301.10,chrX,41346530,41346530,SRR8513082,117.77,PASS,C,T,ENST00000644876.1,nonsynonymous,TCA,TTA,S,L,1523,1523,508,29,6,63,FALSE,0.17142857142857143,TRUE,FALSE,NA
ENSG00000215301.10,chrX,41347388,41347388,SRR8513082,58.77,PASS,A,C,ENST00000644876.1,nonsynonymous,AGC,CGC,S,R,1846,1846,616,13,3,65,FALSE,0.1875,FALSE,FALSE,NA
ENSG00000215301.10,chrX,41346514,41346514,SRR8513089,8185.77,PASS,A,C,ENST00000644876.1,synonymous,AGA,CGA,R,R,1507,1507,503,152,234,67,FALSE,0.6062176165803109,TRUE,TRUE,NA
ENSG00000215301.10,chrX,41346900,41346900,SRR8513089,6967.77,PASS,A,C,ENST00000644876.1,nonsynonymous,ACT,CCT,T,P,1657,1657,553,126,194,68,FALSE,0.60625,TRUE,TRUE,NA
ENSG00000215301.10,chrX,41344243,41344243,SRR8513090,112.77,PASS,C,T,ENST00000644876.1,nonsynonymous,TCA,TTA,S,L,869,869,290,16,5,69,FALSE,0.23809523809523808,TRUE,TRUE,NA
ENSG00000215301.10,chrX,41347349,41347349,SRR8513090,35.77,PASS,C,T,ENST00000644876.1,nonsense,CGA,TGA,R,*,1807,1807,603,2,2,70,TRUE,0.5,FALSE,TRUE,NA
ENSG00000215301.10,chrX,41347399,41347399,SRR8513090,26.78,PASS,C,T,ENST00000644876.1,synonymous,AGC,AGT,S,S,1857,1857,619,8,2,71,FALSE,0.2,FALSE,FALSE,NA
ENSG00000215301.10,chrX,41343235,41343235,SRR8513093,7214.77,PASS,G,A,ENST00000644876.1,nonsynonymous,GGA,GAA,G,E,563,563,188,242,205,72,FALSE,0.45861297539149887,FALSE,FALSE,NA
ENSG00000215301.10,chrX,41342534,41342534,SRR8513100,128.77,PASS,C,T,ENST00000644876.1,synonymous,GGC,GGT,G,G,324,324,108,11,5,74,FALSE,0.3125,FALSE,FALSE,NA
ENSG00000215301.10,chrX,41344095,41344095,SRR8513100,98.77,PASS,G,T,ENST00000644876.1,nonsynonymous,GAG,GAT,E,D,831,831,277,21,5,77,FALSE,0.19230769230769232,TRUE,FALSE,NA
ENSG00000215301.10,chrX,41347372,41347372,SRR8513100,45.77,PASS,T,C,ENST00000644876.1,synonymous,AGT,AGC,S,S,1830,1830,610,14,3,79,FALSE,0.17647058823529413,FALSE,FALSE,NA
ENSG00000215301.10,chrX,41346396,41346396,SRR8513117,15254.77,PASS,T,G,ENST00000644876.1,nonsynonymous,TTA,GTA,L,V,1483,1483,495,205,431,80,FALSE,0.6776729559748428,TRUE,TRUE,NA
ENSG00000215301.10,chrX,41347008,41347008,SRR8513131,1290.77,PASS,A,T,ENST00000644876.1,nonsense,AAG,TAG,K,*,1765,1765,589,388,69,81,TRUE,0.15098468271334792,FALSE,TRUE,NA
ENSG00000215301.10,chrX,41346607,41346607,SRR8513134,757.77,PASS,C,T,ENST00000644876.1,nonsynonymous,CGT,TGT,R,C,1600,1600,534,184,36,82,TRUE,0.16363636363636364,TRUE,FALSE,NA
ENSG00000215301.10,chrX,41341587,41341587,SRR8513144,44.77,PASS,C,T,ENST00000644876.1,synonymous,TTC,TTT,F,F,255,255,85,15,3,83,FALSE,0.16666666666666666,FALSE,FALSE,NA
ENSG00000215301.10,chrX,41345194,41345195,SRR8513144,68.73,PASS,AT,A,ENST00000644876.1,frameshift,GAT,GA,NA,NA,1040,1041,347,27,5,85,TRUE,0.15625,TRUE,TRUE,NA
ENSG00000215301.10,chrX,41334295,41334295,SRR8513155,271.77,PASS,C,T,ENST00000644876.1,nonsense,CAG,TAG,Q,*,43,43,15,6,9,87,TRUE,0.6,FALSE,TRUE,NA
ENSG00000215301.10,chrX,41341576,41341576,SRR8513170,4598.77,PASS,T,C,ENST00000644876.1,nonsynonymous,TCT,CCT,S,P,244,244,82,144,134,88,FALSE,0.48201438848920863,FALSE,FALSE,NA
ENSG00000215301.10,chrX,41345223,41345223,SRR8513185,887.77,PASS,T,G,ENST00000644876.1,nonsynonymous,TTT,GTT,F,V,1069,1069,357,99,31,89,TRUE,0.23846153846153847,TRUE,TRUE,NA
ENSG00000215301.10,chrX,41344333,41344333,SRR8513192,1750.77,PASS,T,G,ENST00000644876.1,nonsense,TTA,TGA,L,*,959,959,320,529,89,90,TRUE,0.14401294498381878,TRUE,TRUE,NA
ENSG00000215301.10,chrX,41341505,41341505,SRR8513209,121.77,PASS,C,T,ENST00000644876.1,nonsynonymous,TCA,TTA,S,L,173,173,58,28,7,92,FALSE,0.2,FALSE,FALSE,NA
ENSG00000215301.10,chrX,41341582,41341584,SRR8513209,139.73,PASS,TTC,T,ENST00000644876.1,frameshift,TTC,T,NA,NA,250,252,84,39,7,93,TRUE,0.15217391304347827,FALSE,TRUE,NA
ENSG00000215301.10,chrX,41343260,41343260,SRR8513209,109.77,PASS,G,A,ENST00000644876.1,synonymous,GAG,GAA,E,E,588,588,196,34,7,94,FALSE,0.17073170731707318,FALSE,FALSE,NA
ENSG00000215301.10,chrX,41343336,41343336,SRR8513209,125.77,PASS,G,T,ENST00000644876.1,nonsynonymous,GCT,TCT,A,S,664,664,222,15,5,95,FALSE,0.25,TRUE,TRUE,NA
ENSG00000215301.10,chrX,41344260,41344260,SRR8513209,71.77,PASS,C,G,ENST00000644876.1,nonsynonymous,CGT,GGT,R,G,886,886,296,18,4,96,FALSE,0.18181818181818182,TRUE,FALSE,NA
ENSG00000215301.10,chrX,41347349,41347349,SRR8513209,87.77,PASS,C,T,ENST00000644876.1,nonsense,CGA,TGA,R,*,1807,1807,603,6,4,101,TRUE,0.4,FALSE,TRUE,NA
ENSG00000215301.10,chrX,41344391,41344392,SRR8513234,2149.73,PASS,CT,C,ENST00000644876.1,frameshift,GACTTT,GACTTT,NA,NA,1017,1018,339,132,83,102,TRUE,0.386046511627907,TRUE,TRUE,NA
ENSG00000215301.10,chrX,41341581,41341581,SRR8513238,82.77,PASS,C,T,ENST00000644876.1,synonymous,AGC,AGT,S,S,249,249,83,4,3,103,FALSE,0.42857142857142855,FALSE,FALSE,NA
ENSG00000215301.10,chrX,41341587,41341587,SRR8513238,82.77,PASS,C,T,ENST00000644876.1,synonymous,TTC,TTT,F,F,255,255,85,5,3,104,FALSE,0.375,FALSE,FALSE,NA
ENSG00000215301.10,chrX,41346297,41346297,SRR8513238,115.77,PASS,T,C,ENST00000644876.1,nonsynonymous,TAC,CAC,Y,H,1384,1384,462,5,4,106,FALSE,0.4444444444444444,TRUE,TRUE,NA
ENSG00000215301.10,chrX,41346930,41346930,SRR8513238,60.77,PASS,G,A,ENST00000644876.1,nonsynonymous,GCT,ACT,A,T,1687,1687,563,10,3,107,FALSE,0.23076923076923078,TRUE,TRUE,NA
ENSG00000215301.10,chrX,41346325,41346325,SRR8513252,1778.77,PASS,T,G,ENST00000644876.1,nonsynonymous,ATC,AGC,I,S,1412,1412,471,551,90,113,FALSE,0.14040561622464898,TRUE,FALSE,NA
ENSG00000215301.10,chrX,41344084,41344086,SRR8513287,184.73,PASS,CCA,C,ENST00000644876.1,frameshift,CCA,C,NA,NA,820,822,274,24,7,114,TRUE,0.22580645161290322,TRUE,TRUE,NA
ENSG00000215301.10,chrX,41345278,41345281,SRR8513287,115.73,PASS,TCCG,T,ENST00000644876.1,frameshift,GTCCGC,GTC,VR,V,1124,1127,375,33,6,115,TRUE,0.15384615384615385,TRUE,TRUE,NA
ENSG00000215301.10,chrX,41342804,41342804,SRR8513303,6876.77,PASS,A,C,ENST00000644876.1,nonsynonymous,ACA,CCA,T,P,511,511,171,119,192,118,FALSE,0.617363344051447,FALSE,FALSE,NA
ENSG00000215301.10,chrX,41346232,41346232,SRR8513332,23.79,PASS,A,T,ENST00000644876.1,nonsynonymous,AAG,ATG,K,M,1319,1319,440,9,2,121,FALSE,0.18181818181818182,TRUE,FALSE,NA
ENSG00000215301.10,chrX,41341581,41341581,SRR8513345,46.77,PASS,C,T,ENST00000644876.1,synonymous,AGC,AGT,S,S,249,249,83,14,3,123,FALSE,0.17647058823529413,FALSE,FALSE,NA
ENSG00000215301.10,chrX,41342755,41342755,SRR8513345,79.77,PASS,C,T,ENST00000644876.1,synonymous,GGC,GGT,G,G,462,462,154,26,5,124,FALSE,0.16129032258064516,FALSE,FALSE,NA
ENSG00000215301.10,chrX,41345305,41345305,SRR8513345,112.77,PASS,C,T,ENST00000644876.1,nonsynonymous,ACT,ATT,T,I,1151,1151,384,17,5,126,FALSE,0.22727272727272727,TRUE,TRUE,NA
ENSG00000215301.10,chrX,41343743,41343743,SRR8513354,47.77,PASS,G,A,ENST00000644876.1,nonsynonymous,GGA,GAA,G,E,686,686,229,7,3,129,FALSE,0.3,TRUE,TRUE,NA
ENSG00000215301.10,chrX,41345314,41345315,SRR8513354,120.73,PASS,AG,A,ENST00000644876.1,frameshift,AAG,AA,NA,NA,1160,1161,387,16,6,131,TRUE,0.2727272727272727,TRUE,TRUE,NA
ENSG00000215301.10,chrX,41342755,41342755,SRR8513355,165.77,PASS,C,T,ENST00000644876.1,synonymous,GGC,GGT,G,G,462,462,154,10,6,133,FALSE,0.375,FALSE,FALSE,NA
ENSG00000215301.10,chrX,41346235,41346235,SRR8513355,49.77,PASS,A,T,ENST00000644876.1,nonsynonymous,GAT,GTT,D,V,1322,1322,441,16,4,136,FALSE,0.2,TRUE,TRUE,NA
ENSG00000215301.10,chrX,41343742,41343744,SRR8513375,106.73,PASS,GGA,G,ENST00000644876.1,frameshift,GGA,G,NA,NA,685,687,229,36,6,140,TRUE,0.14285714285714285,TRUE,TRUE,NA
ENSG00000215301.10,chrX,41346545,41346545,SRR8513381,2751.77,PASS,T,C,ENST00000644876.1,nonsynonymous,GTT,GCT,V,A,1538,1538,513,14,75,144,FALSE,0.8426966292134831,TRUE,TRUE,NA
ENSG00000215301.10,chrX,41345543,41345543,SRR8513396,136.77,PASS,C,T,ENST00000644876.1,nonsynonymous,GCA,GTA,A,V,1310,1310,437,49,8,147,FALSE,0.14035087719298245,TRUE,FALSE,NA
ENSG00000215301.10,chrX,41347432,41347432,SRR8513396,101.77,PASS,C,T,ENST00000644876.1,synonymous,AGC,AGT,S,S,1890,1890,630,22,5,149,FALSE,0.18518518518518517,FALSE,FALSE,NA
ENSG00000215301.10,chrX,41343777,41343777,SRR8513422,1392.77,PASS,T,C,ENST00000644876.1,synonymous,AGT,AGC,S,S,720,720,240,243,57,153,FALSE,0.19,TRUE,FALSE,NA
ENSG00000215301.10,chrX,41343261,41343261,SRR8513433,31.77,PASS,C,T,ENST00000644876.1,nonsynonymous,CTT,TTT,L,F,589,589,197,6,2,154,FALSE,0.25,FALSE,FALSE,NA
ENSG00000215301.10,chrX,41343276,41343276,SRR8513433,30.77,PASS,C,T,ENST00000644876.1,nonsynonymous,CGC,TGC,R,C,604,604,202,6,2,155,FALSE,0.25,FALSE,FALSE,NA
ENSG00000215301.10,chrX,41343762,41343762,SRR8513449,58.74,PASS,G,C,ENST00000644876.1,synonymous,CTG,CTC,L,L,705,705,235,0,2,157,FALSE,1,TRUE,TRUE,NA
ENSG00000215301.10,chrX,41347667,41347667,SRR8513449,58.74,PASS,A,G,ENST00000644876.1,nonsynonymous,GAT,GGT,D,G,1937,1937,646,0,2,158,FALSE,1,FALSE,FALSE,NA
ENSG00000215301.10,chrX,41346255,41346255,SRR8513459,196.77,PASS,G,T,ENST00000644876.1,nonsynonymous,GTG,TTG,V,L,1342,1342,448,5,7,160,TRUE,0.5833333333333334,TRUE,TRUE,NA
ENSG00000215301.10,chrX,41344243,41344243,SRR8513462,228.77,PASS,C,T,ENST00000644876.1,nonsynonymous,TCA,TTA,S,L,869,869,290,18,8,161,FALSE,0.3076923076923077,TRUE,TRUE,NA
ENSG00000215301.10,chrX,41346593,41346593,SRR8513481,676.77,PASS,T,C,ENST00000644876.1,nonsynonymous,ATT,ACT,I,T,1586,1586,529,48,22,163,TRUE,0.3142857142857143,TRUE,TRUE,NA
ENSG00000215301.10,chrX,41346314,41346314,SRR8513484,25.78,PASS,A,C,ENST00000644876.1,synonymous,GCA,GCC,A,A,1401,1401,467,10,2,164,FALSE,0.16666666666666666,TRUE,FALSE,NA
ENSG00000215301.10,chrX,41346323,41346323,SRR8513484,25.78,PASS,C,T,ENST00000644876.1,synonymous,AGC,AGT,S,S,1410,1410,470,10,2,165,FALSE,0.16666666666666666,TRUE,FALSE,NA
ENSG00000215301.10,chrX,41346337,41346337,SRR8513490,9365.77,PASS,G,A,ENST00000644876.1,nonsynonymous,CGT,CAT,R,H,1424,1424,475,50,243,166,TRUE,0.8293515358361775,TRUE,TRUE,NA
ENSG00000215301.10,chrX,41345532,41345532,SRR8513512,2758.77,PASS,C,A,ENST00000644876.1,nonsynonymous,GAC,GAA,D,E,1299,1299,433,48,78,167,FALSE,0.6190476190476191,TRUE,TRUE,NA
ENSG00000215301.10,chrX,41346558,41346558,SRR8513531,27.77,PASS,C,T,ENST00000644876.1,synonymous,GAC,GAT,D,D,1551,1551,517,7,2,170,FALSE,0.2222222222222222,TRUE,TRUE,NA
ENSG00000215301.10,chrX,41346921,41346921,SRR8513531,84.77,PASS,C,T,ENST00000644876.1,nonsynonymous,CTT,TTT,L,F,1678,1678,560,15,4,171,FALSE,0.21052631578947367,TRUE,TRUE,NA
ENSG00000215301.10,chrX,41344071,41344071,SRR8513539,86.77,PASS,C,T,ENST00000644876.1,synonymous,TCC,TCT,S,S,807,807,269,23,5,172,FALSE,0.17857142857142858,TRUE,FALSE,NA
ENSG00000215301.10,chrX,41344109,41344109,SRR8513539,96.77,PASS,T,C,ENST00000644876.1,nonsynonymous,ATC,ACC,I,T,845,845,282,23,5,173,FALSE,0.17857142857142858,TRUE,FALSE,NA
ENSG00000215301.10,chrX,41345407,41345407,SRR8513539,61.77,PASS,C,A,ENST00000644876.1,nonsynonymous,CTG,ATG,L,M,1174,1174,392,10,3,174,FALSE,0.23076923076923078,TRUE,TRUE,NA
ENSG00000215301.10,chrX,41346590,41346590,SRR8513541,1270.77,PASS,G,A,ENST00000644876.1,nonsynonymous,CGT,CAT,R,H,1583,1583,528,494,71,175,TRUE,0.1256637168141593,TRUE,FALSE,NA
